pkuid,vertex_index,xcoord,ycoord,code,name
0,0,15.026,48.145,BM,Bohemian Massif
0,1,15.032,48.146,BM,Bohemian Massif
0,2,15.038,48.15,BM,Bohemian Massif
0,3,15.082,48.186,BM,Bohemian Massif
0,4,15.141,48.18,BM,Bohemian Massif
0,5,15.149,48.18,BM,Bohemian Massif
0,6,15.156,48.181,BM,Bohemian Massif
0,7,15.181,48.163,BM,Bohemian Massif
0,8,15.181,48.159,BM,Bohemian Massif
0,9,15.183,48.156,BM,Bohemian Massif
0,10,15.186,48.154,BM,Bohemian Massif
0,11,15.189,48.153,BM,Bohemian Massif
0,12,15.198,48.152,BM,Bohemian Massif
0,13,15.207,48.152,BM,Bohemian Massif
0,14,15.24,48.171,BM,Bohemian Massif
0,15,15.269,48.19,BM,Bohemian Massif
0,16,15.296,48.209,BM,Bohemian Massif
0,17,15.355,48.227,BM,Bohemian Massif
0,18,15.373,48.219,BM,Bohemian Massif
0,19,15.379,48.217,BM,Bohemian Massif
0,20,15.391,48.215,BM,Bohemian Massif
0,21,15.401,48.214,BM,Bohemian Massif
0,22,15.407,48.216,BM,Bohemian Massif
0,23,15.454,48.242,BM,Bohemian Massif
0,24,15.531,48.241,BM,Bohemian Massif
0,25,15.538,48.243,BM,Bohemian Massif
0,26,15.544,48.246,BM,Bohemian Massif
0,27,15.596,48.297,BM,Bohemian Massif
0,28,15.634,48.329,BM,Bohemian Massif
0,29,15.638,48.333,BM,Bohemian Massif
0,30,15.641,48.341,BM,Bohemian Massif
0,31,15.638,48.352,BM,Bohemian Massif
0,32,15.633,48.36,BM,Bohemian Massif
0,33,15.624,48.372,BM,Bohemian Massif
0,34,15.589,48.426,BM,Bohemian Massif
0,35,15.592,48.48,BM,Bohemian Massif
0,36,15.607,48.481,BM,Bohemian Massif
0,37,15.616,48.483,BM,Bohemian Massif
0,38,15.627,48.486,BM,Bohemian Massif
0,39,15.687,48.496,BM,Bohemian Massif
0,40,15.699,48.487,BM,Bohemian Massif
0,41,15.752,48.495,BM,Bohemian Massif
0,42,15.762,48.497,BM,Bohemian Massif
0,43,15.776,48.502,BM,Bohemian Massif
0,44,15.788,48.511,BM,Bohemian Massif
0,45,15.796,48.519,BM,Bohemian Massif
0,46,15.798,48.527,BM,Bohemian Massif
0,47,15.807,48.574,BM,Bohemian Massif
0,48,15.821,48.616,BM,Bohemian Massif
0,49,15.827,48.635,BM,Bohemian Massif
0,50,15.828,48.642,BM,Bohemian Massif
0,51,15.866,48.652,BM,Bohemian Massif
0,52,15.868,48.646,BM,Bohemian Massif
0,53,15.874,48.637,BM,Bohemian Massif
0,54,15.868,48.701,BM,Bohemian Massif
0,55,15.852,48.737,BM,Bohemian Massif
0,56,15.876,48.764,BM,Bohemian Massif
0,57,15.896,48.739,BM,Bohemian Massif
0,58,15.902,48.732,BM,Bohemian Massif
0,59,15.91,48.726,BM,Bohemian Massif
0,60,15.92,48.722,BM,Bohemian Massif
0,61,15.929,48.721,BM,Bohemian Massif
0,62,15.937,48.723,BM,Bohemian Massif
0,63,15.94,48.725,BM,Bohemian Massif
0,64,15.942,48.727,BM,Bohemian Massif
0,65,15.942,48.734,BM,Bohemian Massif
0,66,15.94,48.79,BM,Bohemian Massif
0,67,15.95,48.797,BM,Bohemian Massif
0,68,16,48.83,BM,Bohemian Massif
0,69,16.057,48.806,BM,Bohemian Massif
0,70,16.079,48.8,BM,Bohemian Massif
0,71,16.092,48.803,BM,Bohemian Massif
0,72,16.106,48.811,BM,Bohemian Massif
0,73,16.115,48.824,BM,Bohemian Massif
0,74,16.115,48.827,BM,Bohemian Massif
0,75,16.114,48.831,BM,Bohemian Massif
0,76,16.11,48.835,BM,Bohemian Massif
0,77,16.106,48.838,BM,Bohemian Massif
0,78,16.061,48.896,BM,Bohemian Massif
0,79,16.084,48.93,BM,Bohemian Massif
0,80,16.118,48.933,BM,Bohemian Massif
0,81,16.141,48.936,BM,Bohemian Massif
0,82,16.155,48.942,BM,Bohemian Massif
0,83,16.168,48.949,BM,Bohemian Massif
0,84,16.172,48.954,BM,Bohemian Massif
0,85,16.178,48.965,BM,Bohemian Massif
0,86,16.2,49.027,BM,Bohemian Massif
0,87,16.258,49.039,BM,Bohemian Massif
0,88,16.319,49.036,BM,Bohemian Massif
0,89,16.326,49.036,BM,Bohemian Massif
0,90,16.335,49.039,BM,Bohemian Massif
0,91,16.39,49.075,BM,Bohemian Massif
0,92,16.412,49.072,BM,Bohemian Massif
0,93,16.419,49.071,BM,Bohemian Massif
0,94,16.433,49.072,BM,Bohemian Massif
0,95,16.441,49.074,BM,Bohemian Massif
0,96,16.451,49.078,BM,Bohemian Massif
0,97,16.497,49.113,BM,Bohemian Massif
0,98,16.504,49.115,BM,Bohemian Massif
0,99,16.511,49.117,BM,Bohemian Massif
0,100,16.52,49.122,BM,Bohemian Massif
0,101,16.524,49.125,BM,Bohemian Massif
0,102,16.527,49.132,BM,Bohemian Massif
0,103,16.53,49.139,BM,Bohemian Massif
0,104,16.53,49.146,BM,Bohemian Massif
0,105,16.516,49.206,BM,Bohemian Massif
0,106,16.556,49.235,BM,Bohemian Massif
0,107,16.607,49.224,BM,Bohemian Massif
0,108,16.64,49.205,BM,Bohemian Massif
0,109,16.651,49.2,BM,Bohemian Massif
0,110,16.667,49.199,BM,Bohemian Massif
0,111,16.679,49.201,BM,Bohemian Massif
0,112,16.713,49.206,BM,Bohemian Massif
0,113,16.741,49.211,BM,Bohemian Massif
0,114,16.812,49.226,BM,Bohemian Massif
0,115,16.822,49.228,BM,Bohemian Massif
0,116,16.833,49.232,BM,Bohemian Massif
0,117,16.851,49.241,BM,Bohemian Massif
0,118,16.868,49.254,BM,Bohemian Massif
0,119,16.948,49.302,BM,Bohemian Massif
0,120,16.962,49.306,BM,Bohemian Massif
0,121,16.978,49.314,BM,Bohemian Massif
0,122,16.992,49.324,BM,Bohemian Massif
0,123,17,49.333,BM,Bohemian Massif
0,124,17.006,49.345,BM,Bohemian Massif
0,125,17.015,49.366,BM,Bohemian Massif
0,126,17.027,49.402,BM,Bohemian Massif
0,127,17.041,49.521,BM,Bohemian Massif
0,128,17.038,49.596,BM,Bohemian Massif
0,129,17.033,49.698,BM,Bohemian Massif
0,130,17.062,49.745,BM,Bohemian Massif
0,131,17.082,49.742,BM,Bohemian Massif
0,132,17.09,49.743,BM,Bohemian Massif
0,133,17.096,49.745,BM,Bohemian Massif
0,134,17.103,49.751,BM,Bohemian Massif
0,135,17.119,49.817,BM,Bohemian Massif
0,136,17.177,49.8,BM,Bohemian Massif
0,137,17.229,49.748,BM,Bohemian Massif
0,138,17.276,49.702,BM,Bohemian Massif
0,139,17.282,49.682,BM,Bohemian Massif
0,140,17.287,49.672,BM,Bohemian Massif
0,141,17.308,49.645,BM,Bohemian Massif
0,142,17.325,49.547,BM,Bohemian Massif
0,143,17.346,49.497,BM,Bohemian Massif
0,144,17.35,49.49,BM,Bohemian Massif
0,145,17.357,49.484,BM,Bohemian Massif
0,146,17.364,49.48,BM,Bohemian Massif
0,147,17.374,49.476,BM,Bohemian Massif
0,148,17.399,49.468,BM,Bohemian Massif
0,149,17.411,49.466,BM,Bohemian Massif
0,150,17.447,49.462,BM,Bohemian Massif
0,151,17.568,49.53,BM,Bohemian Massif
0,152,17.7,49.571,BM,Bohemian Massif
0,153,17.739,49.585,BM,Bohemian Massif
0,154,17.799,49.613,BM,Bohemian Massif
0,155,17.912,49.665,BM,Bohemian Massif
0,156,17.964,49.692,BM,Bohemian Massif
0,157,18.097,49.773,BM,Bohemian Massif
0,158,18.232,49.861,BM,Bohemian Massif
0,159,17.994,49.997,BM,Bohemian Massif
0,160,17.995,50.003,BM,Bohemian Massif
0,161,17.995,50.011,BM,Bohemian Massif
0,162,17.994,50.018,BM,Bohemian Massif
0,163,17.991,50.027,BM,Bohemian Massif
0,164,17.975,50.067,BM,Bohemian Massif
0,165,17.971,50.074,BM,Bohemian Massif
0,166,17.957,50.117,BM,Bohemian Massif
0,167,17.968,50.121,BM,Bohemian Massif
0,168,17.974,50.126,BM,Bohemian Massif
0,169,17.975,50.131,BM,Bohemian Massif
0,170,17.972,50.135,BM,Bohemian Massif
0,171,17.966,50.138,BM,Bohemian Massif
0,172,17.912,50.155,BM,Bohemian Massif
0,173,17.879,50.195,BM,Bohemian Massif
0,174,17.878,50.203,BM,Bohemian Massif
0,175,17.809,50.208,BM,Bohemian Massif
0,176,17.698,50.251,BM,Bohemian Massif
0,177,17.691,50.26,BM,Bohemian Massif
0,178,17.68,50.27,BM,Bohemian Massif
0,179,17.613,50.321,BM,Bohemian Massif
0,180,17.607,50.319,BM,Bohemian Massif
0,181,17.553,50.296,BM,Bohemian Massif
0,182,17.507,50.294,BM,Bohemian Massif
0,183,17.458,50.296,BM,Bohemian Massif
0,184,17.398,50.311,BM,Bohemian Massif
0,185,17.354,50.351,BM,Bohemian Massif
0,186,17.364,50.364,BM,Bohemian Massif
0,187,17.366,50.369,BM,Bohemian Massif
0,188,17.363,50.375,BM,Bohemian Massif
0,189,17.353,50.38,BM,Bohemian Massif
0,190,17.341,50.383,BM,Bohemian Massif
0,191,17.332,50.385,BM,Bohemian Massif
0,192,17.325,50.384,BM,Bohemian Massif
0,193,17.32,50.383,BM,Bohemian Massif
0,194,17.314,50.38,BM,Bohemian Massif
0,195,17.255,50.35,BM,Bohemian Massif
0,196,17.217,50.355,BM,Bohemian Massif
0,197,17.184,50.366,BM,Bohemian Massif
0,198,17.112,50.383,BM,Bohemian Massif
0,199,17.058,50.397,BM,Bohemian Massif
0,200,17.058,50.397,BM,Bohemian Massif
0,201,17.028,50.401,BM,Bohemian Massif
0,202,17.008,50.402,BM,Bohemian Massif
0,203,16.984,50.401,BM,Bohemian Massif
0,204,16.915,50.408,BM,Bohemian Massif
0,205,16.881,50.42,BM,Bohemian Massif
0,206,16.848,50.438,BM,Bohemian Massif
0,207,16.788,50.472,BM,Bohemian Massif
0,208,16.828,50.557,BM,Bohemian Massif
0,209,16.862,50.547,BM,Bohemian Massif
0,210,16.884,50.542,BM,Bohemian Massif
0,211,16.898,50.542,BM,Bohemian Massif
0,212,16.907,50.546,BM,Bohemian Massif
0,213,16.916,50.551,BM,Bohemian Massif
0,214,16.925,50.558,BM,Bohemian Massif
0,215,16.988,50.664,BM,Bohemian Massif
0,216,16.998,50.67,BM,Bohemian Massif
0,217,17.005,50.681,BM,Bohemian Massif
0,218,17.01,50.693,BM,Bohemian Massif
0,219,17.009,50.702,BM,Bohemian Massif
0,220,17.004,50.709,BM,Bohemian Massif
0,221,16.996,50.716,BM,Bohemian Massif
0,222,16.984,50.722,BM,Bohemian Massif
0,223,16.97,50.727,BM,Bohemian Massif
0,224,16.954,50.731,BM,Bohemian Massif
0,225,16.939,50.733,BM,Bohemian Massif
0,226,16.851,50.737,BM,Bohemian Massif
0,227,16.854,50.788,BM,Bohemian Massif
0,228,16.858,50.795,BM,Bohemian Massif
0,229,16.86,50.805,BM,Bohemian Massif
0,230,16.858,50.818,BM,Bohemian Massif
0,231,16.848,50.833,BM,Bohemian Massif
0,232,16.825,50.847,BM,Bohemian Massif
0,233,16.785,50.858,BM,Bohemian Massif
0,234,16.744,50.866,BM,Bohemian Massif
0,235,16.718,50.869,BM,Bohemian Massif
0,236,16.702,50.868,BM,Bohemian Massif
0,237,16.688,50.867,BM,Bohemian Massif
0,238,16.676,50.864,BM,Bohemian Massif
0,239,16.667,50.86,BM,Bohemian Massif
0,240,16.596,50.803,BM,Bohemian Massif
0,241,16.595,50.798,BM,Bohemian Massif
0,242,16.596,50.793,BM,Bohemian Massif
0,243,16.602,50.787,BM,Bohemian Massif
0,244,16.611,50.78,BM,Bohemian Massif
0,245,16.672,50.731,BM,Bohemian Massif
0,246,16.667,50.724,BM,Bohemian Massif
0,247,16.639,50.683,BM,Bohemian Massif
0,248,16.572,50.687,BM,Bohemian Massif
0,249,16.526,50.715,BM,Bohemian Massif
0,250,16.454,50.775,BM,Bohemian Massif
0,251,16.443,50.784,BM,Bohemian Massif
0,252,16.348,50.846,BM,Bohemian Massif
0,253,16.301,50.881,BM,Bohemian Massif
0,254,16.239,50.921,BM,Bohemian Massif
0,255,16.201,50.947,BM,Bohemian Massif
0,256,16.15,50.982,BM,Bohemian Massif
0,257,16.091,51.025,BM,Bohemian Massif
0,258,16.057,51.064,BM,Bohemian Massif
0,259,16.042,51.081,BM,Bohemian Massif
0,260,16.02,51.1,BM,Bohemian Massif
0,261,15.997,51.115,BM,Bohemian Massif
0,262,15.973,51.127,BM,Bohemian Massif
0,263,15.952,51.136,BM,Bohemian Massif
0,264,15.877,51.163,BM,Bohemian Massif
0,265,15.854,51.175,BM,Bohemian Massif
0,266,15.82,51.192,BM,Bohemian Massif
0,267,15.758,51.219,BM,Bohemian Massif
0,268,15.688,51.244,BM,Bohemian Massif
0,269,15.622,51.272,BM,Bohemian Massif
0,270,15.536,51.268,BM,Bohemian Massif
0,271,15.437,51.246,BM,Bohemian Massif
0,272,15.275,51.179,BM,Bohemian Massif
0,273,15.206,51.196,BM,Bohemian Massif
0,274,15.158,51.21,BM,Bohemian Massif
0,275,15.109,51.221,BM,Bohemian Massif
0,276,15.061,51.229,BM,Bohemian Massif
0,277,15.013,51.268,BM,Bohemian Massif
0,278,14.955,51.259,BM,Bohemian Massif
0,279,14.907,51.282,BM,Bohemian Massif
0,280,14.901,51.292,BM,Bohemian Massif
0,281,14.895,51.299,BM,Bohemian Massif
0,282,14.886,51.305,BM,Bohemian Massif
0,283,14.88,51.308,BM,Bohemian Massif
0,284,14.876,51.308,BM,Bohemian Massif
0,285,14.869,51.307,BM,Bohemian Massif
0,286,14.848,51.304,BM,Bohemian Massif
0,287,14.765,51.309,BM,Bohemian Massif
0,288,14.764,51.317,BM,Bohemian Massif
0,289,14.76,51.324,BM,Bohemian Massif
0,290,14.75,51.33,BM,Bohemian Massif
0,291,14.734,51.33,BM,Bohemian Massif
0,292,14.719,51.329,BM,Bohemian Massif
0,293,14.696,51.323,BM,Bohemian Massif
0,294,14.659,51.304,BM,Bohemian Massif
0,295,14.652,51.297,BM,Bohemian Massif
0,296,14.662,51.233,BM,Bohemian Massif
0,297,14.635,51.228,BM,Bohemian Massif
0,298,14.61,51.233,BM,Bohemian Massif
0,299,14.585,51.241,BM,Bohemian Massif
0,300,14.573,51.244,BM,Bohemian Massif
0,301,14.546,51.283,BM,Bohemian Massif
0,302,14.547,51.289,BM,Bohemian Massif
0,303,14.544,51.293,BM,Bohemian Massif
0,304,14.538,51.297,BM,Bohemian Massif
0,305,14.486,51.322,BM,Bohemian Massif
0,306,14.48,51.352,BM,Bohemian Massif
0,307,14.477,51.359,BM,Bohemian Massif
0,308,14.47,51.366,BM,Bohemian Massif
0,309,14.456,51.369,BM,Bohemian Massif
0,310,14.406,51.374,BM,Bohemian Massif
0,311,14.392,51.375,BM,Bohemian Massif
0,312,14.372,51.374,BM,Bohemian Massif
0,313,14.35,51.368,BM,Bohemian Massif
0,314,14.324,51.359,BM,Bohemian Massif
0,315,14.298,51.346,BM,Bohemian Massif
0,316,14.278,51.334,BM,Bohemian Massif
0,317,14.209,51.34,BM,Bohemian Massif
0,318,14.207,51.356,BM,Bohemian Massif
0,319,14.19,51.392,BM,Bohemian Massif
0,320,14.182,51.398,BM,Bohemian Massif
0,321,14.156,51.394,BM,Bohemian Massif
0,322,14.103,51.371,BM,Bohemian Massif
0,323,14.041,51.347,BM,Bohemian Massif
0,324,14.024,51.355,BM,Bohemian Massif
0,325,14.011,51.358,BM,Bohemian Massif
0,326,13.995,51.362,BM,Bohemian Massif
0,327,13.985,51.363,BM,Bohemian Massif
0,328,13.968,51.36,BM,Bohemian Massif
0,329,13.902,51.398,BM,Bohemian Massif
0,330,13.899,51.403,BM,Bohemian Massif
0,331,13.888,51.411,BM,Bohemian Massif
0,332,13.871,51.423,BM,Bohemian Massif
0,333,13.861,51.428,BM,Bohemian Massif
0,334,13.852,51.43,BM,Bohemian Massif
0,335,13.841,51.431,BM,Bohemian Massif
0,336,13.775,51.442,BM,Bohemian Massif
0,337,13.768,51.455,BM,Bohemian Massif
0,338,13.764,51.46,BM,Bohemian Massif
0,339,13.759,51.463,BM,Bohemian Massif
0,340,13.741,51.468,BM,Bohemian Massif
0,341,13.713,51.474,BM,Bohemian Massif
0,342,13.693,51.474,BM,Bohemian Massif
0,343,13.64,51.472,BM,Bohemian Massif
0,344,13.61,51.474,BM,Bohemian Massif
0,345,13.597,51.475,BM,Bohemian Massif
0,346,13.548,51.471,BM,Bohemian Massif
0,347,13.519,51.495,BM,Bohemian Massif
0,348,13.482,51.501,BM,Bohemian Massif
0,349,13.447,51.484,BM,Bohemian Massif
0,350,13.425,51.481,BM,Bohemian Massif
0,351,13.411,51.476,BM,Bohemian Massif
0,352,13.393,51.464,BM,Bohemian Massif
0,353,13.389,51.456,BM,Bohemian Massif
0,354,13.388,51.445,BM,Bohemian Massif
0,355,13.372,51.385,BM,Bohemian Massif
0,356,13.361,51.389,BM,Bohemian Massif
0,357,13.344,51.393,BM,Bohemian Massif
0,358,13.325,51.396,BM,Bohemian Massif
0,359,13.306,51.399,BM,Bohemian Massif
0,360,13.298,51.399,BM,Bohemian Massif
0,361,13.295,51.398,BM,Bohemian Massif
0,362,13.249,51.374,BM,Bohemian Massif
0,363,13.239,51.375,BM,Bohemian Massif
0,364,13.194,51.375,BM,Bohemian Massif
0,365,13.184,51.385,BM,Bohemian Massif
0,366,13.131,51.396,BM,Bohemian Massif
0,367,13.113,51.396,BM,Bohemian Massif
0,368,13.043,51.395,BM,Bohemian Massif
0,369,13.02,51.398,BM,Bohemian Massif
0,370,13.001,51.365,BM,Bohemian Massif
0,371,12.978,51.387,BM,Bohemian Massif
0,372,12.977,51.401,BM,Bohemian Massif
0,373,12.937,51.399,BM,Bohemian Massif
0,374,12.883,51.397,BM,Bohemian Massif
0,375,12.875,51.398,BM,Bohemian Massif
0,376,12.868,51.398,BM,Bohemian Massif
0,377,12.819,51.413,BM,Bohemian Massif
0,378,12.821,51.421,BM,Bohemian Massif
0,379,12.821,51.43,BM,Bohemian Massif
0,380,12.819,51.435,BM,Bohemian Massif
0,381,12.815,51.441,BM,Bohemian Massif
0,382,12.809,51.446,BM,Bohemian Massif
0,383,12.803,51.45,BM,Bohemian Massif
0,384,12.794,51.453,BM,Bohemian Massif
0,385,12.782,51.456,BM,Bohemian Massif
0,386,12.751,51.462,BM,Bohemian Massif
0,387,12.742,51.461,BM,Bohemian Massif
0,388,12.738,51.46,BM,Bohemian Massif
0,389,12.737,51.457,BM,Bohemian Massif
0,390,12.721,51.418,BM,Bohemian Massif
0,391,12.699,51.423,BM,Bohemian Massif
0,392,12.686,51.432,BM,Bohemian Massif
0,393,12.673,51.436,BM,Bohemian Massif
0,394,12.657,51.438,BM,Bohemian Massif
0,395,12.652,51.437,BM,Bohemian Massif
0,396,12.649,51.435,BM,Bohemian Massif
0,397,12.648,51.428,BM,Bohemian Massif
0,398,12.648,51.421,BM,Bohemian Massif
0,399,12.65,51.416,BM,Bohemian Massif
0,400,12.674,51.345,BM,Bohemian Massif
0,401,12.669,51.341,BM,Bohemian Massif
0,402,12.629,51.306,BM,Bohemian Massif
0,403,12.621,51.295,BM,Bohemian Massif
0,404,12.616,51.279,BM,Bohemian Massif
0,405,12.617,51.268,BM,Bohemian Massif
0,406,12.622,51.256,BM,Bohemian Massif
0,407,12.657,51.195,BM,Bohemian Massif
0,408,12.64,51.131,BM,Bohemian Massif
0,409,12.632,51.129,BM,Bohemian Massif
0,410,12.627,51.125,BM,Bohemian Massif
0,411,12.623,51.114,BM,Bohemian Massif
0,412,12.617,51.061,BM,Bohemian Massif
0,413,12.581,51.049,BM,Bohemian Massif
0,414,12.528,51.049,BM,Bohemian Massif
0,415,12.485,51.054,BM,Bohemian Massif
0,416,12.44,51.061,BM,Bohemian Massif
0,417,12.434,51.06,BM,Bohemian Massif
0,418,12.43,51.054,BM,Bohemian Massif
0,419,12.405,50.991,BM,Bohemian Massif
0,420,12.4,50.947,BM,Bohemian Massif
0,421,12.393,50.942,BM,Bohemian Massif
0,422,12.364,50.898,BM,Bohemian Massif
0,423,12.352,50.903,BM,Bohemian Massif
0,424,12.337,50.905,BM,Bohemian Massif
0,425,12.325,50.904,BM,Bohemian Massif
0,426,12.311,50.902,BM,Bohemian Massif
0,427,12.307,50.9,BM,Bohemian Massif
0,428,12.268,50.877,BM,Bohemian Massif
0,429,12.24,50.885,BM,Bohemian Massif
0,430,12.212,50.909,BM,Bohemian Massif
0,431,12.201,50.921,BM,Bohemian Massif
0,432,12.18,50.934,BM,Bohemian Massif
0,433,12.168,50.934,BM,Bohemian Massif
0,434,12.125,50.924,BM,Bohemian Massif
0,435,12.103,50.918,BM,Bohemian Massif
0,436,12.089,50.911,BM,Bohemian Massif
0,437,12.079,50.903,BM,Bohemian Massif
0,438,12.072,50.892,BM,Bohemian Massif
0,439,12.043,50.815,BM,Bohemian Massif
0,440,12.03,50.809,BM,Bohemian Massif
0,441,11.992,50.785,BM,Bohemian Massif
0,442,11.941,50.765,BM,Bohemian Massif
0,443,11.904,50.756,BM,Bohemian Massif
0,444,11.871,50.752,BM,Bohemian Massif
0,445,11.858,50.75,BM,Bohemian Massif
0,446,11.832,50.746,BM,Bohemian Massif
0,447,11.804,50.74,BM,Bohemian Massif
0,448,11.769,50.73,BM,Bohemian Massif
0,449,11.634,50.692,BM,Bohemian Massif
0,450,11.618,50.692,BM,Bohemian Massif
0,451,11.607,50.691,BM,Bohemian Massif
0,452,11.58,50.686,BM,Bohemian Massif
0,453,11.563,50.681,BM,Bohemian Massif
0,454,11.548,50.674,BM,Bohemian Massif
0,455,11.505,50.653,BM,Bohemian Massif
0,456,11.457,50.655,BM,Bohemian Massif
0,457,11.445,50.656,BM,Bohemian Massif
0,458,11.374,50.659,BM,Bohemian Massif
0,459,11.352,50.659,BM,Bohemian Massif
0,460,11.314,50.662,BM,Bohemian Massif
0,461,11.278,50.685,BM,Bohemian Massif
0,462,11.273,50.688,BM,Bohemian Massif
0,463,11.249,50.695,BM,Bohemian Massif
0,464,11.23,50.698,BM,Bohemian Massif
0,465,11.21,50.699,BM,Bohemian Massif
0,466,11.197,50.698,BM,Bohemian Massif
0,467,11.18,50.696,BM,Bohemian Massif
0,468,11.116,50.691,BM,Bohemian Massif
0,469,11.106,50.691,BM,Bohemian Massif
0,470,11.097,50.689,BM,Bohemian Massif
0,471,11.084,50.681,BM,Bohemian Massif
0,472,11.071,50.672,BM,Bohemian Massif
0,473,11.021,50.672,BM,Bohemian Massif
0,474,10.991,50.675,BM,Bohemian Massif
0,475,10.959,50.687,BM,Bohemian Massif
0,476,10.948,50.696,BM,Bohemian Massif
0,477,10.941,50.7,BM,Bohemian Massif
0,478,10.932,50.703,BM,Bohemian Massif
0,479,10.922,50.706,BM,Bohemian Massif
0,480,10.907,50.708,BM,Bohemian Massif
0,481,10.9,50.708,BM,Bohemian Massif
0,482,10.832,50.738,BM,Bohemian Massif
0,483,10.826,50.753,BM,Bohemian Massif
0,484,10.756,50.811,BM,Bohemian Massif
0,485,10.702,50.838,BM,Bohemian Massif
0,486,10.654,50.856,BM,Bohemian Massif
0,487,10.608,50.88,BM,Bohemian Massif
0,488,10.572,50.9,BM,Bohemian Massif
0,489,10.535,50.915,BM,Bohemian Massif
0,490,10.44,50.946,BM,Bohemian Massif
0,491,10.43,50.958,BM,Bohemian Massif
0,492,10.423,50.963,BM,Bohemian Massif
0,493,10.403,50.974,BM,Bohemian Massif
0,494,10.392,50.978,BM,Bohemian Massif
0,495,10.379,50.976,BM,Bohemian Massif
0,496,10.359,50.969,BM,Bohemian Massif
0,497,10.334,50.959,BM,Bohemian Massif
0,498,10.305,50.945,BM,Bohemian Massif
0,499,10.279,50.932,BM,Bohemian Massif
0,500,10.264,50.916,BM,Bohemian Massif
0,501,10.261,50.91,BM,Bohemian Massif
0,502,10.258,50.902,BM,Bohemian Massif
0,503,10.255,50.884,BM,Bohemian Massif
0,504,10.255,50.877,BM,Bohemian Massif
0,505,10.258,50.866,BM,Bohemian Massif
0,506,10.265,50.856,BM,Bohemian Massif
0,507,10.273,50.849,BM,Bohemian Massif
0,508,10.29,50.838,BM,Bohemian Massif
0,509,10.312,50.825,BM,Bohemian Massif
0,510,10.316,50.823,BM,Bohemian Massif
0,511,10.337,50.815,BM,Bohemian Massif
0,512,10.4,50.795,BM,Bohemian Massif
0,513,10.436,50.78,BM,Bohemian Massif
0,514,10.523,50.726,BM,Bohemian Massif
0,515,10.536,50.716,BM,Bohemian Massif
0,516,10.543,50.712,BM,Bohemian Massif
0,517,10.555,50.706,BM,Bohemian Massif
0,518,10.597,50.693,BM,Bohemian Massif
0,519,10.616,50.675,BM,Bohemian Massif
0,520,10.632,50.642,BM,Bohemian Massif
0,521,10.639,50.635,BM,Bohemian Massif
0,522,10.646,50.628,BM,Bohemian Massif
0,523,10.658,50.622,BM,Bohemian Massif
0,524,10.671,50.618,BM,Bohemian Massif
0,525,10.723,50.597,BM,Bohemian Massif
0,526,10.778,50.572,BM,Bohemian Massif
0,527,10.801,50.543,BM,Bohemian Massif
0,528,10.82,50.521,BM,Bohemian Massif
0,529,10.85,50.496,BM,Bohemian Massif
0,530,10.873,50.473,BM,Bohemian Massif
0,531,10.891,50.449,BM,Bohemian Massif
0,532,10.9,50.442,BM,Bohemian Massif
0,533,10.912,50.435,BM,Bohemian Massif
0,534,10.97,50.442,BM,Bohemian Massif
0,535,10.996,50.434,BM,Bohemian Massif
0,536,11.028,50.422,BM,Bohemian Massif
0,537,11.104,50.394,BM,Bohemian Massif
0,538,11.144,50.378,BM,Bohemian Massif
0,539,11.191,50.362,BM,Bohemian Massif
0,540,11.245,50.33,BM,Bohemian Massif
0,541,11.249,50.313,BM,Bohemian Massif
0,542,11.253,50.296,BM,Bohemian Massif
0,543,11.256,50.288,BM,Bohemian Massif
0,544,11.259,50.279,BM,Bohemian Massif
0,545,11.263,50.271,BM,Bohemian Massif
0,546,11.409,50.267,BM,Bohemian Massif
0,547,11.437,50.231,BM,Bohemian Massif
0,548,11.448,50.217,BM,Bohemian Massif
0,549,11.467,50.206,BM,Bohemian Massif
0,550,11.517,50.171,BM,Bohemian Massif
0,551,11.528,50.157,BM,Bohemian Massif
0,552,11.546,50.157,BM,Bohemian Massif
0,553,11.581,50.137,BM,Bohemian Massif
0,554,11.619,50.102,BM,Bohemian Massif
0,555,11.631,50.085,BM,Bohemian Massif
0,556,11.639,50.078,BM,Bohemian Massif
0,557,11.692,50.021,BM,Bohemian Massif
0,558,11.71,49.999,BM,Bohemian Massif
0,559,11.729,49.981,BM,Bohemian Massif
0,560,11.756,49.961,BM,Bohemian Massif
0,561,11.777,49.951,BM,Bohemian Massif
0,562,11.801,49.94,BM,Bohemian Massif
0,563,11.811,49.937,BM,Bohemian Massif
0,564,11.822,49.935,BM,Bohemian Massif
0,565,11.858,49.931,BM,Bohemian Massif
0,566,11.909,49.927,BM,Bohemian Massif
0,567,11.953,49.904,BM,Bohemian Massif
0,568,11.964,49.897,BM,Bohemian Massif
0,569,11.994,49.875,BM,Bohemian Massif
0,570,11.991,49.851,BM,Bohemian Massif
0,571,12.019,49.835,BM,Bohemian Massif
0,572,12.057,49.807,BM,Bohemian Massif
0,573,12.084,49.783,BM,Bohemian Massif
0,574,12.121,49.758,BM,Bohemian Massif
0,575,12.136,49.683,BM,Bohemian Massif
0,576,12.111,49.681,BM,Bohemian Massif
0,577,12.1,49.679,BM,Bohemian Massif
0,578,12.09,49.676,BM,Bohemian Massif
0,579,12.08,49.671,BM,Bohemian Massif
0,580,12.069,49.665,BM,Bohemian Massif
0,581,12.065,49.662,BM,Bohemian Massif
0,582,12.03,49.624,BM,Bohemian Massif
0,583,12.014,49.638,BM,Bohemian Massif
0,584,12.002,49.646,BM,Bohemian Massif
0,585,11.988,49.652,BM,Bohemian Massif
0,586,11.961,49.661,BM,Bohemian Massif
0,587,11.943,49.663,BM,Bohemian Massif
0,588,11.925,49.661,BM,Bohemian Massif
0,589,11.911,49.657,BM,Bohemian Massif
0,590,11.896,49.651,BM,Bohemian Massif
0,591,11.914,49.619,BM,Bohemian Massif
0,592,11.918,49.613,BM,Bohemian Massif
0,593,11.933,49.602,BM,Bohemian Massif
0,594,11.968,49.529,BM,Bohemian Massif
0,595,11.949,49.52,BM,Bohemian Massif
0,596,11.934,49.509,BM,Bohemian Massif
0,597,11.961,49.455,BM,Bohemian Massif
0,598,11.969,49.447,BM,Bohemian Massif
0,599,11.98,49.438,BM,Bohemian Massif
0,600,11.999,49.425,BM,Bohemian Massif
0,601,12.019,49.417,BM,Bohemian Massif
0,602,12.038,49.41,BM,Bohemian Massif
0,603,12.126,49.379,BM,Bohemian Massif
0,604,12.136,49.384,BM,Bohemian Massif
0,605,12.138,49.389,BM,Bohemian Massif
0,606,12.154,49.425,BM,Bohemian Massif
0,607,12.177,49.411,BM,Bohemian Massif
0,608,12.183,49.408,BM,Bohemian Massif
0,609,12.191,49.405,BM,Bohemian Massif
0,610,12.198,49.404,BM,Bohemian Massif
0,611,12.23,49.374,BM,Bohemian Massif
0,612,12.216,49.363,BM,Bohemian Massif
0,613,12.207,49.352,BM,Bohemian Massif
0,614,12.225,49.348,BM,Bohemian Massif
0,615,12.276,49.341,BM,Bohemian Massif
0,616,12.314,49.328,BM,Bohemian Massif
0,617,12.342,49.316,BM,Bohemian Massif
0,618,12.394,49.314,BM,Bohemian Massif
0,619,12.403,49.286,BM,Bohemian Massif
0,620,12.436,49.271,BM,Bohemian Massif
0,621,12.439,49.202,BM,Bohemian Massif
0,622,12.366,49.201,BM,Bohemian Massif
0,623,12.36,49.207,BM,Bohemian Massif
0,624,12.351,49.21,BM,Bohemian Massif
0,625,12.344,49.211,BM,Bohemian Massif
0,626,12.337,49.209,BM,Bohemian Massif
0,627,12.329,49.204,BM,Bohemian Massif
0,628,12.26,49.192,BM,Bohemian Massif
0,629,12.251,49.203,BM,Bohemian Massif
0,630,12.235,49.216,BM,Bohemian Massif
0,631,12.213,49.229,BM,Bohemian Massif
0,632,12.198,49.235,BM,Bohemian Massif
0,633,12.178,49.239,BM,Bohemian Massif
0,634,12.167,49.239,BM,Bohemian Massif
0,635,12.157,49.238,BM,Bohemian Massif
0,636,12.128,49.212,BM,Bohemian Massif
0,637,12.12,49.134,BM,Bohemian Massif
0,638,12.12,49.126,BM,Bohemian Massif
0,639,12.122,49.119,BM,Bohemian Massif
0,640,12.125,49.113,BM,Bohemian Massif
0,641,12.153,49.062,BM,Bohemian Massif
0,642,12.133,49.021,BM,Bohemian Massif
0,643,12.12,49.007,BM,Bohemian Massif
0,644,12.184,49.013,BM,Bohemian Massif
0,645,12.245,49.02,BM,Bohemian Massif
0,646,12.293,49.009,BM,Bohemian Massif
0,647,12.318,48.999,BM,Bohemian Massif
0,648,12.327,48.996,BM,Bohemian Massif
0,649,12.341,48.994,BM,Bohemian Massif
0,650,12.362,48.991,BM,Bohemian Massif
0,651,12.374,48.991,BM,Bohemian Massif
0,652,12.386,48.993,BM,Bohemian Massif
0,653,12.432,48.997,BM,Bohemian Massif
0,654,12.447,48.99,BM,Bohemian Massif
0,655,12.459,48.987,BM,Bohemian Massif
0,656,12.469,48.986,BM,Bohemian Massif
0,657,12.518,48.984,BM,Bohemian Massif
0,658,12.546,48.973,BM,Bohemian Massif
0,659,12.588,48.974,BM,Bohemian Massif
0,660,12.594,48.97,BM,Bohemian Massif
0,661,12.601,48.967,BM,Bohemian Massif
0,662,12.607,48.966,BM,Bohemian Massif
0,663,12.614,48.966,BM,Bohemian Massif
0,664,12.621,48.967,BM,Bohemian Massif
0,665,12.626,48.97,BM,Bohemian Massif
0,666,12.632,48.975,BM,Bohemian Massif
0,667,12.69,48.992,BM,Bohemian Massif
0,668,12.697,48.951,BM,Bohemian Massif
0,669,12.688,48.935,BM,Bohemian Massif
0,670,12.707,48.91,BM,Bohemian Massif
0,671,12.715,48.906,BM,Bohemian Massif
0,672,12.718,48.906,BM,Bohemian Massif
0,673,12.722,48.907,BM,Bohemian Massif
0,674,12.727,48.911,BM,Bohemian Massif
0,675,12.787,48.896,BM,Bohemian Massif
0,676,12.788,48.888,BM,Bohemian Massif
0,677,12.79,48.882,BM,Bohemian Massif
0,678,12.795,48.879,BM,Bohemian Massif
0,679,12.806,48.874,BM,Bohemian Massif
0,680,12.815,48.871,BM,Bohemian Massif
0,681,12.827,48.869,BM,Bohemian Massif
0,682,12.834,48.869,BM,Bohemian Massif
0,683,12.877,48.87,BM,Bohemian Massif
0,684,12.897,48.858,BM,Bohemian Massif
0,685,12.919,48.851,BM,Bohemian Massif
0,686,12.936,48.85,BM,Bohemian Massif
0,687,12.946,48.85,BM,Bohemian Massif
0,688,12.988,48.854,BM,Bohemian Massif
0,689,13.005,48.832,BM,Bohemian Massif
0,690,12.999,48.809,BM,Bohemian Massif
0,691,13,48.807,BM,Bohemian Massif
0,692,13.002,48.805,BM,Bohemian Massif
0,693,13.018,48.799,BM,Bohemian Massif
0,694,13.041,48.793,BM,Bohemian Massif
0,695,13.112,48.781,BM,Bohemian Massif
0,696,13.122,48.769,BM,Bohemian Massif
0,697,13.11,48.739,BM,Bohemian Massif
0,698,13.099,48.733,BM,Bohemian Massif
0,699,13.097,48.732,BM,Bohemian Massif
0,700,13.096,48.73,BM,Bohemian Massif
0,701,13.096,48.725,BM,Bohemian Massif
0,702,13.098,48.719,BM,Bohemian Massif
0,703,13.127,48.673,BM,Bohemian Massif
0,704,13.148,48.637,BM,Bohemian Massif
0,705,13.15,48.635,BM,Bohemian Massif
0,706,13.153,48.633,BM,Bohemian Massif
0,707,13.234,48.618,BM,Bohemian Massif
0,708,13.303,48.593,BM,Bohemian Massif
0,709,13.316,48.543,BM,Bohemian Massif
0,710,13.309,48.541,BM,Bohemian Massif
0,711,13.305,48.538,BM,Bohemian Massif
0,712,13.302,48.535,BM,Bohemian Massif
0,713,13.302,48.531,BM,Bohemian Massif
0,714,13.303,48.527,BM,Bohemian Massif
0,715,13.305,48.525,BM,Bohemian Massif
0,716,13.309,48.523,BM,Bohemian Massif
0,717,13.323,48.52,BM,Bohemian Massif
0,718,13.384,48.522,BM,Bohemian Massif
0,719,13.405,48.488,BM,Bohemian Massif
0,720,13.412,48.481,BM,Bohemian Massif
0,721,13.418,48.479,BM,Bohemian Massif
0,722,13.457,48.461,BM,Bohemian Massif
0,723,13.471,48.453,BM,Bohemian Massif
0,724,13.488,48.443,BM,Bohemian Massif
0,725,13.495,48.439,BM,Bohemian Massif
0,726,13.507,48.441,BM,Bohemian Massif
0,727,13.555,48.456,BM,Bohemian Massif
0,728,13.561,48.454,BM,Bohemian Massif
0,729,13.568,48.452,BM,Bohemian Massif
0,730,13.576,48.453,BM,Bohemian Massif
0,731,13.628,48.447,BM,Bohemian Massif
0,732,13.646,48.417,BM,Bohemian Massif
0,733,13.657,48.401,BM,Bohemian Massif
0,734,13.66,48.398,BM,Bohemian Massif
0,735,13.665,48.396,BM,Bohemian Massif
0,736,13.67,48.394,BM,Bohemian Massif
0,737,13.676,48.394,BM,Bohemian Massif
0,738,13.69,48.394,BM,Bohemian Massif
0,739,13.701,48.394,BM,Bohemian Massif
0,740,13.708,48.395,BM,Bohemian Massif
0,741,13.712,48.398,BM,Bohemian Massif
0,742,13.748,48.413,BM,Bohemian Massif
0,743,13.751,48.4,BM,Bohemian Massif
0,744,13.759,48.369,BM,Bohemian Massif
0,745,13.761,48.362,BM,Bohemian Massif
0,746,13.764,48.356,BM,Bohemian Massif
0,747,13.769,48.351,BM,Bohemian Massif
0,748,13.774,48.348,BM,Bohemian Massif
0,749,13.779,48.346,BM,Bohemian Massif
0,750,13.785,48.344,BM,Bohemian Massif
0,751,13.792,48.344,BM,Bohemian Massif
0,752,13.797,48.346,BM,Bohemian Massif
0,753,13.8,48.349,BM,Bohemian Massif
0,754,13.834,48.384,BM,Bohemian Massif
0,755,13.856,48.37,BM,Bohemian Massif
0,756,13.866,48.363,BM,Bohemian Massif
0,757,13.888,48.352,BM,Bohemian Massif
0,758,13.903,48.346,BM,Bohemian Massif
0,759,13.915,48.342,BM,Bohemian Massif
0,760,13.941,48.336,BM,Bohemian Massif
0,761,13.957,48.333,BM,Bohemian Massif
0,762,13.97,48.332,BM,Bohemian Massif
0,763,13.975,48.333,BM,Bohemian Massif
0,764,13.978,48.336,BM,Bohemian Massif
0,765,14.021,48.382,BM,Bohemian Massif
0,766,14.034,48.374,BM,Bohemian Massif
0,767,14.046,48.37,BM,Bohemian Massif
0,768,14.078,48.362,BM,Bohemian Massif
0,769,14.106,48.357,BM,Bohemian Massif
0,770,14.128,48.355,BM,Bohemian Massif
0,771,14.19,48.35,BM,Bohemian Massif
0,772,14.205,48.337,BM,Bohemian Massif
0,773,14.216,48.33,BM,Bohemian Massif
0,774,14.226,48.325,BM,Bohemian Massif
0,775,14.238,48.32,BM,Bohemian Massif
0,776,14.252,48.316,BM,Bohemian Massif
0,777,14.262,48.314,BM,Bohemian Massif
0,778,14.274,48.316,BM,Bohemian Massif
0,779,14.341,48.321,BM,Bohemian Massif
0,780,14.365,48.298,BM,Bohemian Massif
0,781,14.369,48.284,BM,Bohemian Massif
0,782,14.373,48.276,BM,Bohemian Massif
0,783,14.383,48.263,BM,Bohemian Massif
0,784,14.389,48.26,BM,Bohemian Massif
0,785,14.395,48.259,BM,Bohemian Massif
0,786,14.429,48.261,BM,Bohemian Massif
0,787,14.437,48.263,BM,Bohemian Massif
0,788,14.442,48.266,BM,Bohemian Massif
0,789,14.469,48.283,BM,Bohemian Massif
0,790,14.476,48.271,BM,Bohemian Massif
0,791,14.479,48.267,BM,Bohemian Massif
0,792,14.485,48.263,BM,Bohemian Massif
0,793,14.493,48.259,BM,Bohemian Massif
0,794,14.513,48.253,BM,Bohemian Massif
0,795,14.53,48.249,BM,Bohemian Massif
0,796,14.543,48.246,BM,Bohemian Massif
0,797,14.546,48.246,BM,Bohemian Massif
0,798,14.548,48.248,BM,Bohemian Massif
0,799,14.589,48.295,BM,Bohemian Massif
0,800,14.625,48.276,BM,Bohemian Massif
0,801,14.628,48.272,BM,Bohemian Massif
0,802,14.633,48.268,BM,Bohemian Massif
0,803,14.639,48.267,BM,Bohemian Massif
0,804,14.648,48.266,BM,Bohemian Massif
0,805,14.659,48.268,BM,Bohemian Massif
0,806,14.72,48.275,BM,Bohemian Massif
0,807,14.725,48.252,BM,Bohemian Massif
0,808,14.728,48.246,BM,Bohemian Massif
0,809,14.735,48.24,BM,Bohemian Massif
0,810,14.742,48.238,BM,Bohemian Massif
0,811,14.776,48.23,BM,Bohemian Massif
0,812,14.848,48.203,BM,Bohemian Massif
0,813,14.867,48.194,BM,Bohemian Massif
0,814,14.876,48.192,BM,Bohemian Massif
0,815,14.885,48.193,BM,Bohemian Massif
0,816,14.955,48.191,BM,Bohemian Massif
0,817,14.961,48.186,BM,Bohemian Massif
0,818,15.008,48.167,BM,Bohemian Massif
0,819,15.012,48.154,BM,Bohemian Massif
0,820,15.015,48.149,BM,Bohemian Massif
0,821,15.02,48.145,BM,Bohemian Massif
0,822,15.026,48.145,BM,Bohemian Massif
2,0,9.891,50.954,BM-W,Bohemian Massif - West
2,1,9.897,50.954,BM-W,Bohemian Massif - West
2,2,9.904,50.955,BM-W,Bohemian Massif - West
2,3,9.909,50.957,BM-W,Bohemian Massif - West
2,4,9.92,50.968,BM-W,Bohemian Massif - West
2,5,9.941,50.974,BM-W,Bohemian Massif - West
2,6,9.958,50.973,BM-W,Bohemian Massif - West
2,7,9.968,50.976,BM-W,Bohemian Massif - West
2,8,9.975,50.98,BM-W,Bohemian Massif - West
2,9,9.98,50.984,BM-W,Bohemian Massif - West
2,10,9.983,50.99,BM-W,Bohemian Massif - West
2,11,9.984,50.995,BM-W,Bohemian Massif - West
2,12,9.981,50.999,BM-W,Bohemian Massif - West
2,13,9.977,51.001,BM-W,Bohemian Massif - West
2,14,9.972,51.003,BM-W,Bohemian Massif - West
2,15,9.951,51.008,BM-W,Bohemian Massif - West
2,16,9.947,51.017,BM-W,Bohemian Massif - West
2,17,9.948,51.025,BM-W,Bohemian Massif - West
2,18,9.958,51.04,BM-W,Bohemian Massif - West
2,19,9.961,51.049,BM-W,Bohemian Massif - West
2,20,9.96,51.059,BM-W,Bohemian Massif - West
2,21,9.955,51.065,BM-W,Bohemian Massif - West
2,22,9.949,51.069,BM-W,Bohemian Massif - West
2,23,9.942,51.071,BM-W,Bohemian Massif - West
2,24,9.936,51.071,BM-W,Bohemian Massif - West
2,25,9.895,51.075,BM-W,Bohemian Massif - West
2,26,9.881,51.081,BM-W,Bohemian Massif - West
2,27,9.861,51.092,BM-W,Bohemian Massif - West
2,28,9.852,51.106,BM-W,Bohemian Massif - West
2,29,9.848,51.112,BM-W,Bohemian Massif - West
2,30,9.84,51.118,BM-W,Bohemian Massif - West
2,31,9.833,51.122,BM-W,Bohemian Massif - West
2,32,9.828,51.122,BM-W,Bohemian Massif - West
2,33,9.825,51.121,BM-W,Bohemian Massif - West
2,34,9.82,51.116,BM-W,Bohemian Massif - West
2,35,9.817,51.11,BM-W,Bohemian Massif - West
2,36,9.814,51.101,BM-W,Bohemian Massif - West
2,37,9.813,51.091,BM-W,Bohemian Massif - West
2,38,9.814,51.08,BM-W,Bohemian Massif - West
2,39,9.816,51.072,BM-W,Bohemian Massif - West
2,40,9.82,51.065,BM-W,Bohemian Massif - West
2,41,9.826,51.06,BM-W,Bohemian Massif - West
2,42,9.845,51.049,BM-W,Bohemian Massif - West
2,43,9.88,51.028,BM-W,Bohemian Massif - West
2,44,9.88,51.018,BM-W,Bohemian Massif - West
2,45,9.872,51.012,BM-W,Bohemian Massif - West
2,46,9.858,51.008,BM-W,Bohemian Massif - West
2,47,9.854,51.005,BM-W,Bohemian Massif - West
2,48,9.853,50.999,BM-W,Bohemian Massif - West
2,49,9.854,50.99,BM-W,Bohemian Massif - West
2,50,9.857,50.983,BM-W,Bohemian Massif - West
2,51,9.863,50.973,BM-W,Bohemian Massif - West
2,52,9.867,50.967,BM-W,Bohemian Massif - West
2,53,9.873,50.962,BM-W,Bohemian Massif - West
2,54,9.878,50.958,BM-W,Bohemian Massif - West
2,55,9.885,50.955,BM-W,Bohemian Massif - West
2,56,9.891,50.954,BM-W,Bohemian Massif - West
3,0,10.012,51.152,BM-W,Bohemian Massif - West
3,1,10.025,51.153,BM-W,Bohemian Massif - West
3,2,10.037,51.156,BM-W,Bohemian Massif - West
3,3,10.047,51.16,BM-W,Bohemian Massif - West
3,4,10.053,51.166,BM-W,Bohemian Massif - West
3,5,10.057,51.174,BM-W,Bohemian Massif - West
3,6,10.059,51.185,BM-W,Bohemian Massif - West
3,7,10.058,51.193,BM-W,Bohemian Massif - West
3,8,10.055,51.198,BM-W,Bohemian Massif - West
3,9,10.05,51.202,BM-W,Bohemian Massif - West
3,10,10.005,51.242,BM-W,Bohemian Massif - West
3,11,9.983,51.262,BM-W,Bohemian Massif - West
3,12,9.947,51.291,BM-W,Bohemian Massif - West
3,13,9.922,51.302,BM-W,Bohemian Massif - West
3,14,9.901,51.307,BM-W,Bohemian Massif - West
3,15,9.873,51.316,BM-W,Bohemian Massif - West
3,16,9.862,51.321,BM-W,Bohemian Massif - West
3,17,9.846,51.329,BM-W,Bohemian Massif - West
3,18,9.834,51.332,BM-W,Bohemian Massif - West
3,19,9.812,51.332,BM-W,Bohemian Massif - West
3,20,9.798,51.329,BM-W,Bohemian Massif - West
3,21,9.795,51.327,BM-W,Bohemian Massif - West
3,22,9.794,51.325,BM-W,Bohemian Massif - West
3,23,9.793,51.321,BM-W,Bohemian Massif - West
3,24,9.794,51.318,BM-W,Bohemian Massif - West
3,25,9.802,51.312,BM-W,Bohemian Massif - West
3,26,9.82,51.305,BM-W,Bohemian Massif - West
3,27,9.876,51.286,BM-W,Bohemian Massif - West
3,28,9.891,51.279,BM-W,Bohemian Massif - West
3,29,9.912,51.262,BM-W,Bohemian Massif - West
3,30,9.927,51.237,BM-W,Bohemian Massif - West
3,31,9.938,51.21,BM-W,Bohemian Massif - West
3,32,9.946,51.198,BM-W,Bohemian Massif - West
3,33,9.952,51.188,BM-W,Bohemian Massif - West
3,34,9.959,51.182,BM-W,Bohemian Massif - West
3,35,9.976,51.17,BM-W,Bohemian Massif - West
3,36,9.99,51.161,BM-W,Bohemian Massif - West
3,37,10.003,51.155,BM-W,Bohemian Massif - West
3,38,10.012,51.152,BM-W,Bohemian Massif - West
4,0,9.745,50.982,BM-W,Bohemian Massif - West
4,1,9.752,50.983,BM-W,Bohemian Massif - West
4,2,9.761,50.985,BM-W,Bohemian Massif - West
4,3,9.767,50.988,BM-W,Bohemian Massif - West
4,4,9.772,50.991,BM-W,Bohemian Massif - West
4,5,9.774,50.994,BM-W,Bohemian Massif - West
4,6,9.775,50.998,BM-W,Bohemian Massif - West
4,7,9.773,51.002,BM-W,Bohemian Massif - West
4,8,9.767,51.007,BM-W,Bohemian Massif - West
4,9,9.745,51.019,BM-W,Bohemian Massif - West
4,10,9.725,51.033,BM-W,Bohemian Massif - West
4,11,9.706,51.049,BM-W,Bohemian Massif - West
4,12,9.698,51.066,BM-W,Bohemian Massif - West
4,13,9.693,51.071,BM-W,Bohemian Massif - West
4,14,9.686,51.075,BM-W,Bohemian Massif - West
4,15,9.677,51.077,BM-W,Bohemian Massif - West
4,16,9.669,51.077,BM-W,Bohemian Massif - West
4,17,9.633,51.079,BM-W,Bohemian Massif - West
4,18,9.627,51.077,BM-W,Bohemian Massif - West
4,19,9.622,51.073,BM-W,Bohemian Massif - West
4,20,9.621,51.069,BM-W,Bohemian Massif - West
4,21,9.621,51.062,BM-W,Bohemian Massif - West
4,22,9.624,51.046,BM-W,Bohemian Massif - West
4,23,9.63,51.028,BM-W,Bohemian Massif - West
4,24,9.636,51.014,BM-W,Bohemian Massif - West
4,25,9.642,51.009,BM-W,Bohemian Massif - West
4,26,9.654,51.003,BM-W,Bohemian Massif - West
4,27,9.666,50.998,BM-W,Bohemian Massif - West
4,28,9.676,50.997,BM-W,Bohemian Massif - West
4,29,9.715,50.993,BM-W,Bohemian Massif - West
4,30,9.73,50.985,BM-W,Bohemian Massif - West
4,31,9.738,50.983,BM-W,Bohemian Massif - West
4,32,9.745,50.982,BM-W,Bohemian Massif - West
1,0,18.716,50.138,BM-E,Bohemian Massif - East
1,1,18.714,50.139,BM-E,Bohemian Massif - East
1,2,18.711,50.143,BM-E,Bohemian Massif - East
1,3,18.711,50.147,BM-E,Bohemian Massif - East
1,4,18.72,50.152,BM-E,Bohemian Massif - East
1,5,18.739,50.159,BM-E,Bohemian Massif - East
1,6,18.767,50.171,BM-E,Bohemian Massif - East
1,8,18.798,50.284,BM-E,Bohemian Massif - East
1,9,18.77,50.306,BM-E,Bohemian Massif - East
1,10,18.782,50.309,BM-E,Bohemian Massif - East
1,11,18.801,50.312,BM-E,Bohemian Massif - East
1,12,18.827,50.315,BM-E,Bohemian Massif - East
1,13,18.856,50.316,BM-E,Bohemian Massif - East
1,14,18.906,50.314,BM-E,Bohemian Massif - East
1,15,18.997,50.306,BM-E,Bohemian Massif - East
1,16,19.081,50.297,BM-E,Bohemian Massif - East
1,17,19.095,50.367,BM-E,Bohemian Massif - East
1,18,19.123,50.39,BM-E,Bohemian Massif - East
1,19,19.14,50.4,BM-E,Bohemian Massif - East
1,20,19.154,50.401,BM-E,Bohemian Massif - East
1,21,19.171,50.398,BM-E,Bohemian Massif - East
1,22,19.187,50.393,BM-E,Bohemian Massif - East
1,23,19.199,50.389,BM-E,Bohemian Massif - East
1,24,19.213,50.383,BM-E,Bohemian Massif - East
1,25,19.234,50.369,BM-E,Bohemian Massif - East
1,26,19.256,50.354,BM-E,Bohemian Massif - East
1,27,19.272,50.339,BM-E,Bohemian Massif - East
1,28,19.335,50.296,BM-E,Bohemian Massif - East
1,29,19.362,50.288,BM-E,Bohemian Massif - East
1,30,19.39,50.278,BM-E,Bohemian Massif - East
1,31,19.41,50.268,BM-E,Bohemian Massif - East
1,32,19.428,50.252,BM-E,Bohemian Massif - East
1,33,19.522,50.235,BM-E,Bohemian Massif - East
1,34,19.538,50.212,BM-E,Bohemian Massif - East
1,35,19.544,50.19,BM-E,Bohemian Massif - East
1,36,19.546,50.172,BM-E,Bohemian Massif - East
1,37,19.545,50.162,BM-E,Bohemian Massif - East
1,38,19.465,50.18,BM-E,Bohemian Massif - East
1,39,19.431,50.196,BM-E,Bohemian Massif - East
1,40,19.385,50.222,BM-E,Bohemian Massif - East
1,41,19.286,50.21,BM-E,Bohemian Massif - East
1,42,19.27,50.21,BM-E,Bohemian Massif - East
1,43,19.229,50.212,BM-E,Bohemian Massif - East
1,44,19.138,50.175,BM-E,Bohemian Massif - East
1,45,19.079,50.17,BM-E,Bohemian Massif - East
1,46,19.047,50.166,BM-E,Bohemian Massif - East
1,47,19.01,50.165,BM-E,Bohemian Massif - East
1,48,18.928,50.132,BM-E,Bohemian Massif - East
1,49,18.918,50.129,BM-E,Bohemian Massif - East
1,50,18.899,50.128,BM-E,Bohemian Massif - East
1,51,18.873,50.13,BM-E,Bohemian Massif - East
1,52,18.843,50.137,BM-E,Bohemian Massif - East
1,53,18.759,50.142,BM-E,Bohemian Massif - East
1,54,18.74,50.139,BM-E,Bohemian Massif - East
1,55,18.723,50.137,BM-E,Bohemian Massif - East
1,56,18.716,50.138,BM-E,Bohemian Massif - East
10,0,11.489,51.682,H,Harz
10,1,11.435,51.698,H,Harz
10,2,11.407,51.711,H,Harz
10,3,11.399,51.714,H,Harz
10,4,11.379,51.718,H,Harz
10,5,11.345,51.718,H,Harz
10,6,11.272,51.72,H,Harz
10,7,11.257,51.72,H,Harz
10,8,11.206,51.716,H,Harz
10,9,11.144,51.721,H,Harz
10,10,11.114,51.732,H,Harz
10,11,11.083,51.742,H,Harz
10,12,11.05,51.749,H,Harz
10,13,11.002,51.759,H,Harz
10,14,10.929,51.762,H,Harz
10,15,10.925,51.795,H,Harz
10,16,10.891,51.814,H,Harz
10,17,10.809,51.793,H,Harz
10,18,10.771,51.842,H,Harz
10,19,10.731,51.862,H,Harz
10,20,10.656,51.889,H,Harz
10,21,10.561,51.88,H,Harz
10,22,10.53,51.882,H,Harz
10,23,10.478,51.888,H,Harz
10,24,10.423,51.897,H,Harz
10,25,10.37,51.908,H,Harz
10,26,10.31,51.93,H,Harz
10,27,10.288,51.935,H,Harz
10,28,10.244,51.938,H,Harz
10,29,10.219,51.903,H,Harz
10,30,10.214,51.893,H,Harz
10,31,10.211,51.885,H,Harz
10,32,10.206,51.823,H,Harz
10,33,10.205,51.806,H,Harz
10,34,10.2,51.734,H,Harz
10,35,10.2,51.726,H,Harz
10,36,10.202,51.717,H,Harz
10,37,10.207,51.71,H,Harz
10,38,10.219,51.698,H,Harz
10,39,10.231,51.689,H,Harz
10,40,10.245,51.682,H,Harz
10,41,10.257,51.678,H,Harz
10,42,10.316,51.662,H,Harz
10,43,10.39,51.632,H,Harz
10,44,10.382,51.604,H,Harz
10,45,10.385,51.598,H,Harz
10,46,10.394,51.593,H,Harz
10,47,10.404,51.59,H,Harz
10,48,10.426,51.586,H,Harz
10,49,10.455,51.582,H,Harz
10,50,10.528,51.567,H,Harz
10,51,10.546,51.555,H,Harz
10,52,10.564,51.545,H,Harz
10,53,10.577,51.539,H,Harz
10,54,10.588,51.536,H,Harz
10,55,10.602,51.534,H,Harz
10,56,10.619,51.534,H,Harz
10,57,10.646,51.535,H,Harz
10,58,10.673,51.537,H,Harz
10,59,10.748,51.523,H,Harz
10,60,10.818,51.509,H,Harz
10,61,10.828,51.508,H,Harz
10,62,10.936,51.49,H,Harz
10,63,10.957,51.482,H,Harz
10,64,10.968,51.478,H,Harz
10,65,10.981,51.476,H,Harz
10,66,10.992,51.474,H,Harz
10,67,11.038,51.472,H,Harz
10,68,11.108,51.474,H,Harz
10,69,11.166,51.477,H,Harz
10,70,11.187,51.484,H,Harz
10,71,11.249,51.502,H,Harz
10,72,11.269,51.509,H,Harz
10,73,11.275,51.512,H,Harz
10,74,11.348,51.524,H,Harz
10,75,11.418,51.531,H,Harz
10,76,11.433,51.604,H,Harz
10,77,11.462,51.63,H,Harz
10,78,11.498,51.661,H,Harz
10,79,11.489,51.682,H,Harz
11,0,11.187,51.367,H-EXT,Harz
11,1,11.2,51.373,H-EXT,Harz
11,2,11.215,51.38,H-EXT,Harz
11,3,11.215,51.394,H-EXT,Harz
11,4,11.201,51.394,H-EXT,Harz
11,5,11.182,51.391,H-EXT,Harz
11,6,11.174,51.401,H-EXT,Harz
11,7,11.167,51.417,H-EXT,Harz
11,8,11.124,51.427,H-EXT,Harz
11,9,11.092,51.434,H-EXT,Harz
11,10,11.073,51.426,H-EXT,Harz
11,11,11.06,51.425,H-EXT,Harz
11,12,11.034,51.426,H-EXT,Harz
11,13,11.004,51.43,H-EXT,Harz
11,14,10.986,51.436,H-EXT,Harz
11,15,10.979,51.441,H-EXT,Harz
11,16,10.977,51.428,H-EXT,Harz
11,17,10.98,51.419,H-EXT,Harz
11,18,10.994,51.404,H-EXT,Harz
11,19,11.007,51.395,H-EXT,Harz
11,20,11.042,51.379,H-EXT,Harz
11,21,11.084,51.389,H-EXT,Harz
11,22,11.086,51.362,H-EXT,Harz
11,23,11.132,51.35,H-EXT,Harz
11,24,11.162,51.355,H-EXT,Harz
11,25,11.187,51.367,H-EXT,Harz
20,0,6.753,49.376,RM,Rhenish Massif
20,1,6.8,49.385,RM,Rhenish Massif
20,2,6.889,49.399,RM,Rhenish Massif
20,3,6.922,49.393,RM,Rhenish Massif
20,4,6.951,49.389,RM,Rhenish Massif
20,5,6.996,49.386,RM,Rhenish Massif
20,6,7.057,49.42,RM,Rhenish Massif
20,7,7.131,49.456,RM,Rhenish Massif
20,8,7.224,49.489,RM,Rhenish Massif
20,9,7.258,49.527,RM,Rhenish Massif
20,10,7.31,49.553,RM,Rhenish Massif
20,11,7.358,49.576,RM,Rhenish Massif
20,12,7.448,49.62,RM,Rhenish Massif
20,13,7.457,49.619,RM,Rhenish Massif
20,14,7.463,49.62,RM,Rhenish Massif
20,15,7.469,49.622,RM,Rhenish Massif
20,16,7.482,49.629,RM,Rhenish Massif
20,17,7.497,49.642,RM,Rhenish Massif
20,18,7.544,49.687,RM,Rhenish Massif
20,19,7.562,49.699,RM,Rhenish Massif
20,20,7.614,49.699,RM,Rhenish Massif
20,21,7.712,49.739,RM,Rhenish Massif
20,22,7.856,49.809,RM,Rhenish Massif
20,23,7.911,49.835,RM,Rhenish Massif
20,24,7.876,49.882,RM,Rhenish Massif
20,25,7.834,49.884,RM,Rhenish Massif
20,26,7.816,49.915,RM,Rhenish Massif
20,27,7.844,49.935,RM,Rhenish Massif
20,28,7.887,49.959,RM,Rhenish Massif
20,29,7.901,49.965,RM,Rhenish Massif
20,30,7.973,50.005,RM,Rhenish Massif
20,31,8.009,50.011,RM,Rhenish Massif
20,32,8.025,50.018,RM,Rhenish Massif
20,33,8.105,50.049,RM,Rhenish Massif
20,34,8.139,50.057,RM,Rhenish Massif
20,35,8.19,50.069,RM,Rhenish Massif
20,36,8.219,50.078,RM,Rhenish Massif
20,37,8.252,50.089,RM,Rhenish Massif
20,38,8.29,50.103,RM,Rhenish Massif
20,39,8.347,50.074,RM,Rhenish Massif
20,40,8.356,50.072,RM,Rhenish Massif
20,41,8.366,50.072,RM,Rhenish Massif
20,42,8.373,50.072,RM,Rhenish Massif
20,43,8.38,50.075,RM,Rhenish Massif
20,44,8.385,50.084,RM,Rhenish Massif
20,45,8.402,50.137,RM,Rhenish Massif
20,46,8.434,50.126,RM,Rhenish Massif
20,47,8.447,50.085,RM,Rhenish Massif
20,48,8.479,50.103,RM,Rhenish Massif
20,49,8.494,50.114,RM,Rhenish Massif
20,50,8.521,50.136,RM,Rhenish Massif
20,51,8.563,50.144,RM,Rhenish Massif
20,52,8.569,50.145,RM,Rhenish Massif
20,53,8.574,50.148,RM,Rhenish Massif
20,54,8.579,50.153,RM,Rhenish Massif
20,55,8.581,50.158,RM,Rhenish Massif
20,56,8.618,50.225,RM,Rhenish Massif
20,57,8.639,50.233,RM,Rhenish Massif
20,58,8.676,50.252,RM,Rhenish Massif
20,59,8.687,50.247,RM,Rhenish Massif
20,60,8.695,50.247,RM,Rhenish Massif
20,61,8.701,50.251,RM,Rhenish Massif
20,62,8.709,50.262,RM,Rhenish Massif
20,63,8.747,50.337,RM,Rhenish Massif
20,64,8.772,50.394,RM,Rhenish Massif
20,65,8.795,50.411,RM,Rhenish Massif
20,66,8.805,50.422,RM,Rhenish Massif
20,67,8.816,50.439,RM,Rhenish Massif
20,68,8.82,50.453,RM,Rhenish Massif
20,69,8.82,50.462,RM,Rhenish Massif
20,70,8.815,50.468,RM,Rhenish Massif
20,71,8.786,50.505,RM,Rhenish Massif
20,72,8.782,50.51,RM,Rhenish Massif
20,73,8.775,50.512,RM,Rhenish Massif
20,74,8.737,50.52,RM,Rhenish Massif
20,75,8.716,50.535,RM,Rhenish Massif
20,76,8.697,50.569,RM,Rhenish Massif
20,77,8.692,50.586,RM,Rhenish Massif
20,78,8.692,50.637,RM,Rhenish Massif
20,79,8.738,50.679,RM,Rhenish Massif
20,80,8.778,50.672,RM,Rhenish Massif
20,81,8.792,50.669,RM,Rhenish Massif
20,82,8.797,50.673,RM,Rhenish Massif
20,83,8.781,50.745,RM,Rhenish Massif
20,84,8.779,50.756,RM,Rhenish Massif
20,85,8.773,50.767,RM,Rhenish Massif
20,86,8.745,50.828,RM,Rhenish Massif
20,87,8.748,50.861,RM,Rhenish Massif
20,88,8.746,50.879,RM,Rhenish Massif
20,89,8.743,50.894,RM,Rhenish Massif
20,90,8.73,50.92,RM,Rhenish Massif
20,91,8.695,50.979,RM,Rhenish Massif
20,92,8.719,51.024,RM,Rhenish Massif
20,93,8.749,51.041,RM,Rhenish Massif
20,94,8.782,51.051,RM,Rhenish Massif
20,95,8.79,51.055,RM,Rhenish Massif
20,96,8.799,51.061,RM,Rhenish Massif
20,97,8.836,51.089,RM,Rhenish Massif
20,98,8.862,51.09,RM,Rhenish Massif
20,99,8.898,51.117,RM,Rhenish Massif
20,100,8.936,51.06,RM,Rhenish Massif
20,101,9.01,51.027,RM,Rhenish Massif
20,102,9.064,50.976,RM,Rhenish Massif
20,103,9.074,50.969,RM,Rhenish Massif
20,104,9.082,50.966,RM,Rhenish Massif
20,105,9.091,50.964,RM,Rhenish Massif
20,106,9.099,50.963,RM,Rhenish Massif
20,107,9.117,50.962,RM,Rhenish Massif
20,108,9.14,50.963,RM,Rhenish Massif
20,109,9.151,50.966,RM,Rhenish Massif
20,110,9.161,50.971,RM,Rhenish Massif
20,111,9.175,50.984,RM,Rhenish Massif
20,112,9.182,50.994,RM,Rhenish Massif
20,113,9.196,51.024,RM,Rhenish Massif
20,114,9.205,51.052,RM,Rhenish Massif
20,115,9.206,51.063,RM,Rhenish Massif
20,116,9.203,51.075,RM,Rhenish Massif
20,117,9.171,51.128,RM,Rhenish Massif
20,118,9.166,51.167,RM,Rhenish Massif
20,119,9.163,51.173,RM,Rhenish Massif
20,120,9.156,51.186,RM,Rhenish Massif
20,121,9.143,51.206,RM,Rhenish Massif
20,122,9.132,51.219,RM,Rhenish Massif
20,123,9.123,51.226,RM,Rhenish Massif
20,124,9.099,51.239,RM,Rhenish Massif
20,125,9.067,51.252,RM,Rhenish Massif
20,126,9.041,51.26,RM,Rhenish Massif
20,127,9.023,51.264,RM,Rhenish Massif
20,128,9.016,51.264,RM,Rhenish Massif
20,129,8.961,51.261,RM,Rhenish Massif
20,130,8.959,51.265,RM,Rhenish Massif
20,131,8.948,51.277,RM,Rhenish Massif
20,132,8.938,51.285,RM,Rhenish Massif
20,133,8.905,51.326,RM,Rhenish Massif
20,134,8.917,51.346,RM,Rhenish Massif
20,135,8.929,51.39,RM,Rhenish Massif
20,136,8.952,51.397,RM,Rhenish Massif
20,137,8.96,51.402,RM,Rhenish Massif
20,138,8.966,51.41,RM,Rhenish Massif
20,139,8.97,51.432,RM,Rhenish Massif
20,140,8.97,51.437,RM,Rhenish Massif
20,141,8.95,51.488,RM,Rhenish Massif
20,142,8.932,51.515,RM,Rhenish Massif
20,143,8.852,51.489,RM,Rhenish Massif
20,144,8.785,51.513,RM,Rhenish Massif
20,145,8.767,51.518,RM,Rhenish Massif
20,146,8.751,51.52,RM,Rhenish Massif
20,147,8.742,51.52,RM,Rhenish Massif
20,148,8.733,51.519,RM,Rhenish Massif
20,149,8.644,51.506,RM,Rhenish Massif
20,150,8.56,51.531,RM,Rhenish Massif
20,151,8.545,51.54,RM,Rhenish Massif
20,152,8.538,51.541,RM,Rhenish Massif
20,153,8.53,51.542,RM,Rhenish Massif
20,154,8.523,51.541,RM,Rhenish Massif
20,155,8.518,51.537,RM,Rhenish Massif
20,156,8.48,51.495,RM,Rhenish Massif
20,157,8.449,51.496,RM,Rhenish Massif
20,158,8.431,51.474,RM,Rhenish Massif
20,159,8.387,51.471,RM,Rhenish Massif
20,160,8.373,51.469,RM,Rhenish Massif
20,161,8.362,51.465,RM,Rhenish Massif
20,162,8.298,51.488,RM,Rhenish Massif
20,163,8.265,51.49,RM,Rhenish Massif
20,164,8.178,51.497,RM,Rhenish Massif
20,165,8.158,51.5,RM,Rhenish Massif
20,166,8.082,51.503,RM,Rhenish Massif
20,167,8,51.514,RM,Rhenish Massif
20,168,7.925,51.526,RM,Rhenish Massif
20,169,7.913,51.528,RM,Rhenish Massif
20,170,7.907,51.527,RM,Rhenish Massif
20,171,7.898,51.525,RM,Rhenish Massif
20,172,7.879,51.519,RM,Rhenish Massif
20,173,7.808,51.493,RM,Rhenish Massif
20,174,7.703,51.498,RM,Rhenish Massif
20,175,7.607,51.493,RM,Rhenish Massif
20,176,7.475,51.482,RM,Rhenish Massif
20,177,7.452,51.489,RM,Rhenish Massif
20,178,7.443,51.49,RM,Rhenish Massif
20,179,7.433,51.491,RM,Rhenish Massif
20,180,7.423,51.49,RM,Rhenish Massif
20,181,7.31,51.482,RM,Rhenish Massif
20,182,7.29,51.482,RM,Rhenish Massif
20,183,7.159,51.479,RM,Rhenish Massif
20,184,7.134,51.481,RM,Rhenish Massif
20,185,7.11,51.479,RM,Rhenish Massif
20,186,7.001,51.465,RM,Rhenish Massif
20,187,6.967,51.469,RM,Rhenish Massif
20,188,6.937,51.468,RM,Rhenish Massif
20,189,6.917,51.464,RM,Rhenish Massif
20,190,6.9,51.459,RM,Rhenish Massif
20,191,6.893,51.456,RM,Rhenish Massif
20,192,6.861,51.435,RM,Rhenish Massif
20,193,6.854,51.427,RM,Rhenish Massif
20,194,6.881,51.365,RM,Rhenish Massif
20,195,6.912,51.316,RM,Rhenish Massif
20,196,6.9,51.283,RM,Rhenish Massif
20,197,6.899,51.264,RM,Rhenish Massif
20,198,6.903,51.252,RM,Rhenish Massif
20,199,6.907,51.247,RM,Rhenish Massif
20,200,7.004,51.205,RM,Rhenish Massif
20,201,7.014,51.136,RM,Rhenish Massif
20,202,7.015,51.133,RM,Rhenish Massif
20,203,7.085,51.066,RM,Rhenish Massif
20,204,7.119,51.018,RM,Rhenish Massif
20,205,7.132,51.001,RM,Rhenish Massif
20,206,7.139,50.996,RM,Rhenish Massif
20,207,7.178,50.961,RM,Rhenish Massif
20,208,7.17,50.94,RM,Rhenish Massif
20,209,7.169,50.921,RM,Rhenish Massif
20,210,7.182,50.897,RM,Rhenish Massif
20,211,7.197,50.878,RM,Rhenish Massif
20,212,7.257,50.826,RM,Rhenish Massif
20,213,7.273,50.819,RM,Rhenish Massif
20,214,7.287,50.815,RM,Rhenish Massif
20,215,7.353,50.791,RM,Rhenish Massif
20,216,7.337,50.741,RM,Rhenish Massif
20,217,7.32,50.736,RM,Rhenish Massif
20,218,7.315,50.734,RM,Rhenish Massif
20,219,7.311,50.73,RM,Rhenish Massif
20,220,7.315,50.654,RM,Rhenish Massif
20,221,7.258,50.66,RM,Rhenish Massif
20,222,7.253,50.675,RM,Rhenish Massif
20,223,7.247,50.684,RM,Rhenish Massif
20,224,7.237,50.691,RM,Rhenish Massif
20,225,7.223,50.698,RM,Rhenish Massif
20,226,7.198,50.686,RM,Rhenish Massif
20,227,7.195,50.683,RM,Rhenish Massif
20,228,7.116,50.624,RM,Rhenish Massif
20,229,7.026,50.612,RM,Rhenish Massif
20,230,7,50.628,RM,Rhenish Massif
20,231,6.988,50.633,RM,Rhenish Massif
20,232,6.967,50.638,RM,Rhenish Massif
20,233,6.948,50.641,RM,Rhenish Massif
20,234,6.934,50.642,RM,Rhenish Massif
20,235,6.921,50.641,RM,Rhenish Massif
20,236,6.834,50.632,RM,Rhenish Massif
20,237,6.802,50.624,RM,Rhenish Massif
20,238,6.785,50.638,RM,Rhenish Massif
20,239,6.761,50.64,RM,Rhenish Massif
20,240,6.705,50.596,RM,Rhenish Massif
20,241,6.663,50.574,RM,Rhenish Massif
20,242,6.627,50.557,RM,Rhenish Massif
20,243,6.584,50.54,RM,Rhenish Massif
20,244,6.52,50.568,RM,Rhenish Massif
20,245,6.52,50.616,RM,Rhenish Massif
20,246,6.515,50.656,RM,Rhenish Massif
20,247,6.509,50.69,RM,Rhenish Massif
20,248,6.496,50.737,RM,Rhenish Massif
20,249,6.482,50.764,RM,Rhenish Massif
20,250,6.474,50.782,RM,Rhenish Massif
20,251,6.436,50.825,RM,Rhenish Massif
20,252,6.432,50.827,RM,Rhenish Massif
20,253,6.419,50.831,RM,Rhenish Massif
20,254,6.396,50.833,RM,Rhenish Massif
20,255,6.376,50.834,RM,Rhenish Massif
20,256,6.358,50.834,RM,Rhenish Massif
20,257,6.297,50.836,RM,Rhenish Massif
20,258,6.262,50.824,RM,Rhenish Massif
20,259,6.223,50.807,RM,Rhenish Massif
20,260,6.164,50.783,RM,Rhenish Massif
20,261,6.09,50.746,RM,Rhenish Massif
20,262,6.035,50.694,RM,Rhenish Massif
20,263,5.945,50.667,RM,Rhenish Massif
20,264,5.929,50.666,RM,Rhenish Massif
20,265,5.906,50.661,RM,Rhenish Massif
20,266,5.869,50.648,RM,Rhenish Massif
20,267,5.833,50.635,RM,Rhenish Massif
20,268,5.774,50.618,RM,Rhenish Massif
20,269,5.721,50.624,RM,Rhenish Massif
20,270,5.657,50.604,RM,Rhenish Massif
20,271,5.596,50.582,RM,Rhenish Massif
20,272,5.568,50.577,RM,Rhenish Massif
20,273,5.54,50.571,RM,Rhenish Massif
20,274,5.467,50.556,RM,Rhenish Massif
20,275,5.394,50.538,RM,Rhenish Massif
20,276,5.288,50.512,RM,Rhenish Massif
20,277,5.25,50.498,RM,Rhenish Massif
20,278,5.157,50.477,RM,Rhenish Massif
20,279,5.098,50.47,RM,Rhenish Massif
20,280,5.05,50.466,RM,Rhenish Massif
20,281,5.024,50.459,RM,Rhenish Massif
20,282,4.952,50.443,RM,Rhenish Massif
20,283,4.922,50.44,RM,Rhenish Massif
20,284,4.886,50.444,RM,Rhenish Massif
20,285,4.847,50.45,RM,Rhenish Massif
20,286,4.809,50.454,RM,Rhenish Massif
20,287,4.738,50.454,RM,Rhenish Massif
20,288,4.673,50.447,RM,Rhenish Massif
20,289,4.596,50.437,RM,Rhenish Massif
20,290,4.538,50.429,RM,Rhenish Massif
20,291,4.481,50.426,RM,Rhenish Massif
20,292,4.449,50.423,RM,Rhenish Massif
20,293,4.396,50.402,RM,Rhenish Massif
20,294,4.384,50.423,RM,Rhenish Massif
20,295,4.31,50.426,RM,Rhenish Massif
20,296,4.228,50.416,RM,Rhenish Massif
20,297,4.188,50.402,RM,Rhenish Massif
20,298,4.141,50.382,RM,Rhenish Massif
20,299,4.116,50.37,RM,Rhenish Massif
20,300,4.088,50.352,RM,Rhenish Massif
20,301,4.066,50.337,RM,Rhenish Massif
20,302,4.045,50.322,RM,Rhenish Massif
20,303,3.959,50.267,RM,Rhenish Massif
20,304,3.934,50.254,RM,Rhenish Massif
20,305,3.918,50.24,RM,Rhenish Massif
20,306,3.856,50.221,RM,Rhenish Massif
20,307,3.825,50.215,RM,Rhenish Massif
20,308,3.835,50.186,RM,Rhenish Massif
20,309,3.845,50.166,RM,Rhenish Massif
20,310,3.856,50.156,RM,Rhenish Massif
20,311,3.898,50.13,RM,Rhenish Massif
20,312,3.927,50.116,RM,Rhenish Massif
20,313,3.998,50.111,RM,Rhenish Massif
20,314,4.005,50.078,RM,Rhenish Massif
20,315,4.003,50.071,RM,Rhenish Massif
20,316,4.005,50.064,RM,Rhenish Massif
20,317,4.008,50.057,RM,Rhenish Massif
20,318,4.016,50.045,RM,Rhenish Massif
20,319,4.027,50.033,RM,Rhenish Massif
20,320,4.046,50.022,RM,Rhenish Massif
20,321,4.062,50.017,RM,Rhenish Massif
20,322,4.08,49.958,RM,Rhenish Massif
20,323,4.074,49.946,RM,Rhenish Massif
20,324,4.075,49.94,RM,Rhenish Massif
20,325,4.104,49.921,RM,Rhenish Massif
20,326,4.162,49.92,RM,Rhenish Massif
20,327,4.183,49.91,RM,Rhenish Massif
20,328,4.191,49.908,RM,Rhenish Massif
20,329,4.292,49.923,RM,Rhenish Massif
20,330,4.34,49.909,RM,Rhenish Massif
20,331,4.364,49.902,RM,Rhenish Massif
20,332,4.469,49.886,RM,Rhenish Massif
20,333,4.482,49.875,RM,Rhenish Massif
20,334,4.495,49.864,RM,Rhenish Massif
20,335,4.514,49.855,RM,Rhenish Massif
20,336,4.535,49.847,RM,Rhenish Massif
20,337,4.557,49.84,RM,Rhenish Massif
20,338,4.581,49.834,RM,Rhenish Massif
20,339,4.675,49.831,RM,Rhenish Massif
20,340,4.691,49.829,RM,Rhenish Massif
20,341,4.711,49.831,RM,Rhenish Massif
20,342,4.729,49.834,RM,Rhenish Massif
20,343,4.778,49.803,RM,Rhenish Massif
20,344,4.802,49.791,RM,Rhenish Massif
20,345,4.885,49.767,RM,Rhenish Massif
20,346,4.897,49.755,RM,Rhenish Massif
20,347,4.915,49.747,RM,Rhenish Massif
20,348,4.935,49.739,RM,Rhenish Massif
20,349,4.956,49.731,RM,Rhenish Massif
20,350,4.977,49.724,RM,Rhenish Massif
20,351,5.023,49.724,RM,Rhenish Massif
20,352,5.059,49.727,RM,Rhenish Massif
20,353,5.093,49.73,RM,Rhenish Massif
20,354,5.136,49.737,RM,Rhenish Massif
20,355,5.153,49.743,RM,Rhenish Massif
20,356,5.169,49.75,RM,Rhenish Massif
20,357,5.245,49.768,RM,Rhenish Massif
20,358,5.274,49.763,RM,Rhenish Massif
20,359,5.308,49.766,RM,Rhenish Massif
20,360,5.474,49.773,RM,Rhenish Massif
20,361,5.517,49.761,RM,Rhenish Massif
20,362,5.615,49.777,RM,Rhenish Massif
20,363,5.626,49.777,RM,Rhenish Massif
20,364,5.638,49.778,RM,Rhenish Massif
20,365,5.651,49.779,RM,Rhenish Massif
20,366,5.671,49.782,RM,Rhenish Massif
20,367,5.776,49.801,RM,Rhenish Massif
20,368,5.836,49.824,RM,Rhenish Massif
20,369,5.921,49.87,RM,Rhenish Massif
20,370,5.998,49.89,RM,Rhenish Massif
20,371,6.024,49.898,RM,Rhenish Massif
20,372,6.178,49.933,RM,Rhenish Massif
20,373,6.196,49.94,RM,Rhenish Massif
20,374,6.289,50.005,RM,Rhenish Massif
20,375,6.323,50.015,RM,Rhenish Massif
20,376,6.354,50.028,RM,Rhenish Massif
20,377,6.378,50.043,RM,Rhenish Massif
20,378,6.396,50.057,RM,Rhenish Massif
20,379,6.455,50.125,RM,Rhenish Massif
20,380,6.475,50.133,RM,Rhenish Massif
20,381,6.5,50.152,RM,Rhenish Massif
20,382,6.524,50.179,RM,Rhenish Massif
20,383,6.546,50.172,RM,Rhenish Massif
20,384,6.546,50.137,RM,Rhenish Massif
20,385,6.547,50.129,RM,Rhenish Massif
20,386,6.548,50.124,RM,Rhenish Massif
20,387,6.552,50.119,RM,Rhenish Massif
20,388,6.559,50.114,RM,Rhenish Massif
20,389,6.567,50.111,RM,Rhenish Massif
20,390,6.576,50.11,RM,Rhenish Massif
20,391,6.582,50.111,RM,Rhenish Massif
20,392,6.589,50.114,RM,Rhenish Massif
20,393,6.599,50.122,RM,Rhenish Massif
20,394,6.673,50.165,RM,Rhenish Massif
20,395,6.676,50.16,RM,Rhenish Massif
20,396,6.684,50.155,RM,Rhenish Massif
20,397,6.716,50.135,RM,Rhenish Massif
20,398,6.736,50.09,RM,Rhenish Massif
20,399,6.748,50.057,RM,Rhenish Massif
20,400,6.748,49.987,RM,Rhenish Massif
20,401,6.737,49.986,RM,Rhenish Massif
20,402,6.726,49.985,RM,Rhenish Massif
20,403,6.716,49.98,RM,Rhenish Massif
20,404,6.708,49.974,RM,Rhenish Massif
20,405,6.704,49.966,RM,Rhenish Massif
20,406,6.688,49.878,RM,Rhenish Massif
20,407,6.679,49.86,RM,Rhenish Massif
20,408,6.675,49.84,RM,Rhenish Massif
20,409,6.655,49.764,RM,Rhenish Massif
20,410,6.646,49.755,RM,Rhenish Massif
20,411,6.605,49.717,RM,Rhenish Massif
20,412,6.579,49.694,RM,Rhenish Massif
20,413,6.489,49.616,RM,Rhenish Massif
20,414,6.45,49.584,RM,Rhenish Massif
20,415,6.447,49.581,RM,Rhenish Massif
20,416,6.447,49.573,RM,Rhenish Massif
20,417,6.484,49.538,RM,Rhenish Massif
20,418,6.459,49.505,RM,Rhenish Massif
20,419,6.455,49.496,RM,Rhenish Massif
20,420,6.455,49.496,RM,Rhenish Massif
20,421,6.454,49.491,RM,Rhenish Massif
20,422,6.457,49.489,RM,Rhenish Massif
20,423,6.46,49.488,RM,Rhenish Massif
20,424,6.473,49.487,RM,Rhenish Massif
20,425,6.48,49.487,RM,Rhenish Massif
20,426,6.501,49.489,RM,Rhenish Massif
20,427,6.522,49.492,RM,Rhenish Massif
20,428,6.607,49.513,RM,Rhenish Massif
20,429,6.615,49.51,RM,Rhenish Massif
20,430,6.625,49.51,RM,Rhenish Massif
20,431,6.639,49.512,RM,Rhenish Massif
20,432,6.653,49.516,RM,Rhenish Massif
20,433,6.666,49.52,RM,Rhenish Massif
20,434,6.71,49.435,RM,Rhenish Massif
20,435,6.689,49.415,RM,Rhenish Massif
20,436,6.689,49.408,RM,Rhenish Massif
20,437,6.694,49.402,RM,Rhenish Massif
20,438,6.703,49.398,RM,Rhenish Massif
20,439,6.753,49.376,RM,Rhenish Massif
21,0,4.194,50.609,RM-WEST,Rhenish Massif
21,1,4.204,50.613,RM-WEST,Rhenish Massif
21,2,4.238,50.621,RM-WEST,Rhenish Massif
21,3,4.274,50.627,RM-WEST,Rhenish Massif
21,4,4.288,50.628,RM-WEST,Rhenish Massif
21,5,4.297,50.632,RM-WEST,Rhenish Massif
21,6,4.304,50.637,RM-WEST,Rhenish Massif
21,7,4.3,50.649,RM-WEST,Rhenish Massif
21,8,4.285,50.654,RM-WEST,Rhenish Massif
21,9,4.248,50.669,RM-WEST,Rhenish Massif
21,10,4.24,50.689,RM-WEST,Rhenish Massif
21,11,4.242,50.722,RM-WEST,Rhenish Massif
21,12,4.24,50.741,RM-WEST,Rhenish Massif
21,13,4.241,50.751,RM-WEST,Rhenish Massif
21,14,4.242,50.757,RM-WEST,Rhenish Massif
21,15,4.241,50.762,RM-WEST,Rhenish Massif
21,16,4.24,50.768,RM-WEST,Rhenish Massif
21,17,4.237,50.774,RM-WEST,Rhenish Massif
21,18,4.228,50.776,RM-WEST,Rhenish Massif
21,19,4.217,50.773,RM-WEST,Rhenish Massif
21,20,4.179,50.748,RM-WEST,Rhenish Massif
21,21,4.144,50.736,RM-WEST,Rhenish Massif
21,22,4.125,50.732,RM-WEST,Rhenish Massif
21,23,4.115,50.728,RM-WEST,Rhenish Massif
21,24,4.107,50.721,RM-WEST,Rhenish Massif
21,25,4.099,50.714,RM-WEST,Rhenish Massif
21,26,4.094,50.706,RM-WEST,Rhenish Massif
21,27,4.081,50.686,RM-WEST,Rhenish Massif
21,28,4.063,50.675,RM-WEST,Rhenish Massif
21,29,4.043,50.665,RM-WEST,Rhenish Massif
21,30,4.024,50.655,RM-WEST,Rhenish Massif
21,31,4.016,50.65,RM-WEST,Rhenish Massif
21,32,4.011,50.644,RM-WEST,Rhenish Massif
21,33,4.011,50.636,RM-WEST,Rhenish Massif
21,34,4.016,50.629,RM-WEST,Rhenish Massif
21,35,4.031,50.623,RM-WEST,Rhenish Massif
21,36,4.055,50.621,RM-WEST,Rhenish Massif
21,37,4.066,50.621,RM-WEST,Rhenish Massif
21,38,4.077,50.623,RM-WEST,Rhenish Massif
21,39,4.091,50.634,RM-WEST,Rhenish Massif
21,40,4.098,50.648,RM-WEST,Rhenish Massif
21,41,4.104,50.675,RM-WEST,Rhenish Massif
21,42,4.111,50.68,RM-WEST,Rhenish Massif
21,43,4.123,50.683,RM-WEST,Rhenish Massif
21,44,4.156,50.694,RM-WEST,Rhenish Massif
21,45,4.19,50.699,RM-WEST,Rhenish Massif
21,46,4.205,50.686,RM-WEST,Rhenish Massif
21,47,4.203,50.674,RM-WEST,Rhenish Massif
21,48,4.183,50.646,RM-WEST,Rhenish Massif
21,49,4.177,50.639,RM-WEST,Rhenish Massif
21,50,4.17,50.632,RM-WEST,Rhenish Massif
21,51,4.165,50.625,RM-WEST,Rhenish Massif
21,52,4.164,50.62,RM-WEST,Rhenish Massif
21,53,4.167,50.615,RM-WEST,Rhenish Massif
21,54,4.176,50.611,RM-WEST,Rhenish Massif
21,55,4.185,50.609,RM-WEST,Rhenish Massif
21,56,4.194,50.609,RM-WEST,Rhenish Massif
22,0,4.194,50.609,RM-WEST,Rhenish Massif
22,1,4.194,50.609,RM-WEST,Rhenish Massif
22,2,4.194,50.609,RM-WEST,Rhenish Massif
22,3,4.194,50.609,RM-WEST,Rhenish Massif
22,4,4.194,50.609,RM-WEST,Rhenish Massif
22,5,4.194,50.609,RM-WEST,Rhenish Massif
22,6,4.194,50.609,RM-WEST,Rhenish Massif
22,7,4.194,50.609,RM-WEST,Rhenish Massif
22,8,4.194,50.609,RM-WEST,Rhenish Massif
22,9,4.194,50.609,RM-WEST,Rhenish Massif
22,10,4.194,50.609,RM-WEST,Rhenish Massif
22,11,4.194,50.609,RM-WEST,Rhenish Massif
22,12,4.194,50.609,RM-WEST,Rhenish Massif
22,13,4.194,50.609,RM-WEST,Rhenish Massif
22,14,4.194,50.609,RM-WEST,Rhenish Massif
22,15,4.194,50.609,RM-WEST,Rhenish Massif
22,16,4.194,50.609,RM-WEST,Rhenish Massif
22,17,4.194,50.609,RM-WEST,Rhenish Massif
22,18,4.194,50.609,RM-WEST,Rhenish Massif
22,19,4.194,50.609,RM-WEST,Rhenish Massif
22,20,4.194,50.609,RM-WEST,Rhenish Massif
22,21,4.194,50.609,RM-WEST,Rhenish Massif
22,22,4.194,50.609,RM-WEST,Rhenish Massif
22,23,4.194,50.609,RM-WEST,Rhenish Massif
22,24,4.194,50.609,RM-WEST,Rhenish Massif
22,25,4.194,50.609,RM-WEST,Rhenish Massif
22,26,4.194,50.609,RM-WEST,Rhenish Massif
22,27,4.194,50.609,RM-WEST,Rhenish Massif
22,28,4.194,50.609,RM-WEST,Rhenish Massif
22,29,4.194,50.609,RM-WEST,Rhenish Massif
22,30,4.194,50.609,RM-WEST,Rhenish Massif
22,31,4.194,50.609,RM-WEST,Rhenish Massif
22,32,4.194,50.609,RM-WEST,Rhenish Massif
22,33,4.194,50.609,RM-WEST,Rhenish Massif
22,34,4.194,50.609,RM-WEST,Rhenish Massif
22,35,4.194,50.609,RM-WEST,Rhenish Massif
22,36,4.194,50.609,RM-WEST,Rhenish Massif
22,37,4.194,50.609,RM-WEST,Rhenish Massif
22,38,4.194,50.609,RM-WEST,Rhenish Massif
22,39,4.194,50.609,RM-WEST,Rhenish Massif
22,40,4.194,50.609,RM-WEST,Rhenish Massif
22,41,4.194,50.609,RM-WEST,Rhenish Massif
22,42,4.194,50.609,RM-WEST,Rhenish Massif
22,43,4.194,50.609,RM-WEST,Rhenish Massif
22,44,4.194,50.609,RM-WEST,Rhenish Massif
22,45,4.194,50.609,RM-WEST,Rhenish Massif
22,46,4.194,50.609,RM-WEST,Rhenish Massif
22,47,4.194,50.609,RM-WEST,Rhenish Massif
22,48,4.194,50.609,RM-WEST,Rhenish Massif
22,49,4.194,50.609,RM-WEST,Rhenish Massif
22,50,4.194,50.609,RM-WEST,Rhenish Massif
22,51,4.194,50.609,RM-WEST,Rhenish Massif
22,52,4.194,50.609,RM-WEST,Rhenish Massif
22,53,4.194,50.609,RM-WEST,Rhenish Massif
22,54,4.194,50.609,RM-WEST,Rhenish Massif
22,55,4.194,50.609,RM-WEST,Rhenish Massif
22,56,4.194,50.609,RM-WEST,Rhenish Massif
22,57,4.194,50.609,RM-WEST,Rhenish Massif
22,58,4.194,50.609,RM-WEST,Rhenish Massif
22,59,4.194,50.609,RM-WEST,Rhenish Massif
22,60,4.194,50.609,RM-WEST,Rhenish Massif
22,61,4.194,50.609,RM-WEST,Rhenish Massif
22,62,4.194,50.609,RM-WEST,Rhenish Massif
22,63,4.194,50.609,RM-WEST,Rhenish Massif
22,64,4.194,50.609,RM-WEST,Rhenish Massif
22,65,4.194,50.609,RM-WEST,Rhenish Massif
22,66,4.194,50.609,RM-WEST,Rhenish Massif
22,67,4.194,50.609,RM-WEST,Rhenish Massif
22,68,4.194,50.609,RM-WEST,Rhenish Massif
22,69,4.194,50.609,RM-WEST,Rhenish Massif
22,70,4.194,50.609,RM-WEST,Rhenish Massif
22,71,4.194,50.609,RM-WEST,Rhenish Massif
22,72,4.194,50.609,RM-WEST,Rhenish Massif
23,0,3.869,50.368,RM-WEST,Rhenish Massif
23,1,3.891,50.373,RM-WEST,Rhenish Massif
23,2,3.929,50.403,RM-WEST,Rhenish Massif
23,3,3.945,50.388,RM-WEST,Rhenish Massif
23,4,3.943,50.39,RM-WEST,Rhenish Massif
23,5,3.939,50.397,RM-WEST,Rhenish Massif
23,6,3.897,50.448,RM-WEST,Rhenish Massif
23,7,3.856,50.426,RM-WEST,Rhenish Massif
23,8,3.85,50.461,RM-WEST,Rhenish Massif
23,9,3.796,50.425,RM-WEST,Rhenish Massif
23,10,3.77,50.466,RM-WEST,Rhenish Massif
23,11,3.733,50.447,RM-WEST,Rhenish Massif
23,12,3.721,50.44,RM-WEST,Rhenish Massif
23,13,3.711,50.432,RM-WEST,Rhenish Massif
23,14,3.713,50.424,RM-WEST,Rhenish Massif
23,15,3.715,50.416,RM-WEST,Rhenish Massif
23,16,3.72,50.411,RM-WEST,Rhenish Massif
23,17,3.735,50.406,RM-WEST,Rhenish Massif
23,18,3.75,50.402,RM-WEST,Rhenish Massif
23,19,3.813,50.38,RM-WEST,Rhenish Massif
23,20,3.85,50.369,RM-WEST,Rhenish Massif
23,21,3.869,50.368,RM-WEST,Rhenish Massif
24,0,4.491,50.583,RM-WEST,Rhenish Massif
24,1,4.502,50.587,RM-WEST,Rhenish Massif
24,2,4.523,50.598,RM-WEST,Rhenish Massif
24,3,4.533,50.609,RM-WEST,Rhenish Massif
24,4,4.541,50.62,RM-WEST,Rhenish Massif
24,5,4.567,50.646,RM-WEST,Rhenish Massif
24,6,4.582,50.645,RM-WEST,Rhenish Massif
24,7,4.593,50.641,RM-WEST,Rhenish Massif
24,8,4.605,50.638,RM-WEST,Rhenish Massif
24,9,4.616,50.637,RM-WEST,Rhenish Massif
24,10,4.626,50.637,RM-WEST,Rhenish Massif
24,11,4.636,50.64,RM-WEST,Rhenish Massif
24,12,4.644,50.645,RM-WEST,Rhenish Massif
24,13,4.644,50.654,RM-WEST,Rhenish Massif
24,14,4.635,50.661,RM-WEST,Rhenish Massif
24,15,4.596,50.68,RM-WEST,Rhenish Massif
24,16,4.589,50.705,RM-WEST,Rhenish Massif
24,17,4.589,50.713,RM-WEST,Rhenish Massif
24,18,4.589,50.72,RM-WEST,Rhenish Massif
24,19,4.586,50.725,RM-WEST,Rhenish Massif
24,20,4.581,50.729,RM-WEST,Rhenish Massif
24,21,4.561,50.73,RM-WEST,Rhenish Massif
24,22,4.554,50.726,RM-WEST,Rhenish Massif
24,23,4.547,50.722,RM-WEST,Rhenish Massif
24,24,4.541,50.718,RM-WEST,Rhenish Massif
24,25,4.525,50.693,RM-WEST,Rhenish Massif
24,26,4.515,50.684,RM-WEST,Rhenish Massif
24,27,4.496,50.678,RM-WEST,Rhenish Massif
24,28,4.465,50.673,RM-WEST,Rhenish Massif
24,29,4.449,50.67,RM-WEST,Rhenish Massif
24,30,4.434,50.666,RM-WEST,Rhenish Massif
24,31,4.421,50.661,RM-WEST,Rhenish Massif
24,32,4.408,50.648,RM-WEST,Rhenish Massif
24,33,4.403,50.639,RM-WEST,Rhenish Massif
24,34,4.404,50.634,RM-WEST,Rhenish Massif
24,35,4.41,50.63,RM-WEST,Rhenish Massif
24,36,4.422,50.632,RM-WEST,Rhenish Massif
24,37,4.472,50.649,RM-WEST,Rhenish Massif
24,38,4.494,50.644,RM-WEST,Rhenish Massif
24,39,4.492,50.628,RM-WEST,Rhenish Massif
24,40,4.484,50.62,RM-WEST,Rhenish Massif
24,41,4.475,50.612,RM-WEST,Rhenish Massif
24,42,4.471,50.603,RM-WEST,Rhenish Massif
24,43,4.471,50.596,RM-WEST,Rhenish Massif
24,44,4.475,50.59,RM-WEST,Rhenish Massif
24,45,4.483,50.584,RM-WEST,Rhenish Massif
24,46,4.491,50.583,RM-WEST,Rhenish Massif
25,0,3.914,50.536,RM-WEST,Rhenish Massif
25,1,3.949,50.54,RM-WEST,Rhenish Massif
25,2,3.983,50.543,RM-WEST,Rhenish Massif
25,3,4.016,50.542,RM-WEST,Rhenish Massif
25,4,4.033,50.543,RM-WEST,Rhenish Massif
25,5,4.037,50.551,RM-WEST,Rhenish Massif
25,6,4.041,50.56,RM-WEST,Rhenish Massif
25,7,4.041,50.567,RM-WEST,Rhenish Massif
25,8,4.036,50.573,RM-WEST,Rhenish Massif
25,9,4.028,50.577,RM-WEST,Rhenish Massif
25,10,3.943,50.61,RM-WEST,Rhenish Massif
25,11,3.94,50.617,RM-WEST,Rhenish Massif
25,12,3.922,50.632,RM-WEST,Rhenish Massif
25,13,3.897,50.639,RM-WEST,Rhenish Massif
25,14,3.867,50.686,RM-WEST,Rhenish Massif
25,15,3.907,50.701,RM-WEST,Rhenish Massif
25,16,3.917,50.709,RM-WEST,Rhenish Massif
25,17,3.917,50.715,RM-WEST,Rhenish Massif
25,18,3.915,50.72,RM-WEST,Rhenish Massif
25,19,3.868,50.781,RM-WEST,Rhenish Massif
25,20,3.859,50.785,RM-WEST,Rhenish Massif
25,21,3.853,50.785,RM-WEST,Rhenish Massif
25,22,3.847,50.783,RM-WEST,Rhenish Massif
25,23,3.84,50.777,RM-WEST,Rhenish Massif
25,24,3.837,50.771,RM-WEST,Rhenish Massif
25,25,3.808,50.713,RM-WEST,Rhenish Massif
25,26,3.792,50.696,RM-WEST,Rhenish Massif
25,27,3.789,50.682,RM-WEST,Rhenish Massif
25,28,3.789,50.673,RM-WEST,Rhenish Massif
25,29,3.789,50.666,RM-WEST,Rhenish Massif
25,30,3.793,50.65,RM-WEST,Rhenish Massif
25,31,3.799,50.636,RM-WEST,Rhenish Massif
25,32,3.811,50.626,RM-WEST,Rhenish Massif
25,33,3.828,50.62,RM-WEST,Rhenish Massif
25,34,3.865,50.595,RM-WEST,Rhenish Massif
25,35,3.849,50.546,RM-WEST,Rhenish Massif
25,36,3.839,50.539,RM-WEST,Rhenish Massif
25,37,3.877,50.536,RM-WEST,Rhenish Massif
25,38,3.914,50.536,RM-WEST,Rhenish Massif
26,0,8.704,49.442,RM-EAST,Rhenish Massif
26,1,8.763,49.489,RM-EAST,Rhenish Massif
26,2,8.774,49.494,RM-EAST,Rhenish Massif
26,3,8.785,49.5,RM-EAST,Rhenish Massif
26,4,8.798,49.51,RM-EAST,Rhenish Massif
26,5,8.846,49.562,RM-EAST,Rhenish Massif
26,6,8.853,49.57,RM-EAST,Rhenish Massif
26,7,8.858,49.579,RM-EAST,Rhenish Massif
26,8,8.859,49.581,RM-EAST,Rhenish Massif
26,9,8.861,49.587,RM-EAST,Rhenish Massif
26,10,8.869,49.647,RM-EAST,Rhenish Massif
26,11,8.893,49.693,RM-EAST,Rhenish Massif
26,12,8.936,49.728,RM-EAST,Rhenish Massif
26,13,8.953,49.734,RM-EAST,Rhenish Massif
26,14,8.959,49.737,RM-EAST,Rhenish Massif
26,15,8.966,49.742,RM-EAST,Rhenish Massif
26,16,8.971,49.748,RM-EAST,Rhenish Massif
26,17,8.975,49.754,RM-EAST,Rhenish Massif
26,18,8.977,49.76,RM-EAST,Rhenish Massif
26,19,8.982,49.814,RM-EAST,Rhenish Massif
26,20,8.998,49.849,RM-EAST,Rhenish Massif
26,21,9.021,49.879,RM-EAST,Rhenish Massif
26,22,8.987,49.904,RM-EAST,Rhenish Massif
26,23,8.959,49.875,RM-EAST,Rhenish Massif
26,24,8.907,49.822,RM-EAST,Rhenish Massif
26,25,8.884,49.829,RM-EAST,Rhenish Massif
26,26,8.874,49.843,RM-EAST,Rhenish Massif
26,27,8.859,49.872,RM-EAST,Rhenish Massif
26,28,8.855,49.944,RM-EAST,Rhenish Massif
26,29,8.873,49.985,RM-EAST,Rhenish Massif
26,30,8.874,49.998,RM-EAST,Rhenish Massif
26,31,8.874,50.008,RM-EAST,Rhenish Massif
26,32,8.863,50.037,RM-EAST,Rhenish Massif
26,33,8.852,50.057,RM-EAST,Rhenish Massif
26,34,8.831,50.073,RM-EAST,Rhenish Massif
26,35,8.809,50.073,RM-EAST,Rhenish Massif
26,36,8.8,50.069,RM-EAST,Rhenish Massif
26,37,8.749,50.038,RM-EAST,Rhenish Massif
26,38,8.701,50.026,RM-EAST,Rhenish Massif
26,39,8.696,50.017,RM-EAST,Rhenish Massif
26,40,8.69,49.917,RM-EAST,Rhenish Massif
26,41,8.679,49.895,RM-EAST,Rhenish Massif
26,42,8.67,49.877,RM-EAST,Rhenish Massif
26,43,8.669,49.842,RM-EAST,Rhenish Massif
26,44,8.658,49.773,RM-EAST,Rhenish Massif
26,45,8.649,49.732,RM-EAST,Rhenish Massif
26,46,8.666,49.662,RM-EAST,Rhenish Massif
26,47,8.681,49.622,RM-EAST,Rhenish Massif
26,48,8.686,49.542,RM-EAST,Rhenish Massif
26,49,8.688,49.507,RM-EAST,Rhenish Massif
26,50,8.704,49.442,RM-EAST,Rhenish Massif
27,0,9.241,49.953,RM-EAST,Rhenish Massif
27,1,9.253,49.954,RM-EAST,Rhenish Massif
27,2,9.26,49.955,RM-EAST,Rhenish Massif
27,3,9.275,49.961,RM-EAST,Rhenish Massif
27,4,9.286,49.967,RM-EAST,Rhenish Massif
27,5,9.296,49.974,RM-EAST,Rhenish Massif
27,6,9.305,49.981,RM-EAST,Rhenish Massif
27,7,9.314,49.991,RM-EAST,Rhenish Massif
27,8,9.321,50.001,RM-EAST,Rhenish Massif
27,9,9.327,50.011,RM-EAST,Rhenish Massif
27,10,9.33,50.021,RM-EAST,Rhenish Massif
27,11,9.329,50.025,RM-EAST,Rhenish Massif
27,12,9.324,50.028,RM-EAST,Rhenish Massif
27,13,9.307,50.038,RM-EAST,Rhenish Massif
27,14,9.316,50.047,RM-EAST,Rhenish Massif
27,15,9.32,50.054,RM-EAST,Rhenish Massif
27,16,9.323,50.062,RM-EAST,Rhenish Massif
27,17,9.324,50.068,RM-EAST,Rhenish Massif
27,18,9.321,50.077,RM-EAST,Rhenish Massif
27,19,9.307,50.093,RM-EAST,Rhenish Massif
27,20,9.306,50.102,RM-EAST,Rhenish Massif
27,21,9.298,50.113,RM-EAST,Rhenish Massif
27,22,9.297,50.12,RM-EAST,Rhenish Massif
27,23,9.298,50.129,RM-EAST,Rhenish Massif
27,24,9.276,50.14,RM-EAST,Rhenish Massif
27,25,9.263,50.16,RM-EAST,Rhenish Massif
27,26,9.26,50.164,RM-EAST,Rhenish Massif
27,27,9.255,50.177,RM-EAST,Rhenish Massif
27,28,9.254,50.187,RM-EAST,Rhenish Massif
27,29,9.254,50.196,RM-EAST,Rhenish Massif
27,30,9.239,50.196,RM-EAST,Rhenish Massif
27,31,9.217,50.198,RM-EAST,Rhenish Massif
27,32,9.179,50.214,RM-EAST,Rhenish Massif
27,33,9.175,50.235,RM-EAST,Rhenish Massif
27,34,9.17,50.258,RM-EAST,Rhenish Massif
27,35,9.162,50.28,RM-EAST,Rhenish Massif
27,36,9.151,50.306,RM-EAST,Rhenish Massif
27,37,9.145,50.315,RM-EAST,Rhenish Massif
27,38,9.136,50.322,RM-EAST,Rhenish Massif
27,39,9.125,50.329,RM-EAST,Rhenish Massif
27,40,9.095,50.344,RM-EAST,Rhenish Massif
27,41,9.042,50.362,RM-EAST,Rhenish Massif
27,42,9.004,50.344,RM-EAST,Rhenish Massif
27,43,8.976,50.324,RM-EAST,Rhenish Massif
27,44,8.97,50.317,RM-EAST,Rhenish Massif
27,45,8.942,50.288,RM-EAST,Rhenish Massif
27,46,8.947,50.28,RM-EAST,Rhenish Massif
27,47,8.959,50.27,RM-EAST,Rhenish Massif
27,48,8.976,50.275,RM-EAST,Rhenish Massif
27,49,8.993,50.282,RM-EAST,Rhenish Massif
27,50,9.032,50.286,RM-EAST,Rhenish Massif
27,51,9.046,50.254,RM-EAST,Rhenish Massif
27,52,9.031,50.222,RM-EAST,Rhenish Massif
27,53,9.048,50.195,RM-EAST,Rhenish Massif
27,54,9.044,50.179,RM-EAST,Rhenish Massif
27,55,9.034,50.17,RM-EAST,Rhenish Massif
27,56,9.031,50.165,RM-EAST,Rhenish Massif
27,57,9.03,50.158,RM-EAST,Rhenish Massif
27,58,9.033,50.147,RM-EAST,Rhenish Massif
27,59,9.038,50.141,RM-EAST,Rhenish Massif
27,60,9.046,50.132,RM-EAST,Rhenish Massif
27,61,9.061,50.123,RM-EAST,Rhenish Massif
27,62,9.084,50.11,RM-EAST,Rhenish Massif
27,63,9.107,50.091,RM-EAST,Rhenish Massif
27,64,9.099,50.08,RM-EAST,Rhenish Massif
27,65,9.099,50.065,RM-EAST,Rhenish Massif
27,66,9.104,50.042,RM-EAST,Rhenish Massif
27,67,9.124,50.001,RM-EAST,Rhenish Massif
27,68,9.12,49.992,RM-EAST,Rhenish Massif
27,69,9.119,49.983,RM-EAST,Rhenish Massif
27,70,9.122,49.974,RM-EAST,Rhenish Massif
27,71,9.127,49.97,RM-EAST,Rhenish Massif
27,72,9.136,49.966,RM-EAST,Rhenish Massif
27,73,9.162,49.959,RM-EAST,Rhenish Massif
27,74,9.174,49.957,RM-EAST,Rhenish Massif
27,75,9.193,49.955,RM-EAST,Rhenish Massif
27,76,9.241,49.953,RM-EAST,Rhenish Massif
30,0,8.007,47.554,VG-BF,Vosgues-Black Forest
30,1,8.041,47.558,VG-BF,Vosgues-Black Forest
30,2,8.092,47.573,VG-BF,Vosgues-Black Forest
30,3,8.168,47.605,VG-BF,Vosgues-Black Forest
30,4,8.198,47.614,VG-BF,Vosgues-Black Forest
30,5,8.193,47.649,VG-BF,Vosgues-Black Forest
30,6,8.18,47.65,VG-BF,Vosgues-Black Forest
30,7,8.145,47.654,VG-BF,Vosgues-Black Forest
30,8,8.144,47.658,VG-BF,Vosgues-Black Forest
30,9,8.16,47.687,VG-BF,Vosgues-Black Forest
30,10,8.17,47.702,VG-BF,Vosgues-Black Forest
30,11,8.178,47.711,VG-BF,Vosgues-Black Forest
30,12,8.199,47.723,VG-BF,Vosgues-Black Forest
30,13,8.224,47.731,VG-BF,Vosgues-Black Forest
30,14,8.238,47.732,VG-BF,Vosgues-Black Forest
30,15,8.247,47.733,VG-BF,Vosgues-Black Forest
30,16,8.26,47.737,VG-BF,Vosgues-Black Forest
30,17,8.269,47.742,VG-BF,Vosgues-Black Forest
30,18,8.278,47.748,VG-BF,Vosgues-Black Forest
30,19,8.291,47.759,VG-BF,Vosgues-Black Forest
30,20,8.303,47.771,VG-BF,Vosgues-Black Forest
30,21,8.312,47.782,VG-BF,Vosgues-Black Forest
30,22,8.32,47.794,VG-BF,Vosgues-Black Forest
30,23,8.323,47.801,VG-BF,Vosgues-Black Forest
30,24,8.324,47.808,VG-BF,Vosgues-Black Forest
30,25,8.323,47.814,VG-BF,Vosgues-Black Forest
30,26,8.319,47.82,VG-BF,Vosgues-Black Forest
30,27,8.313,47.825,VG-BF,Vosgues-Black Forest
30,28,8.305,47.83,VG-BF,Vosgues-Black Forest
30,29,8.299,47.833,VG-BF,Vosgues-Black Forest
30,30,8.271,47.847,VG-BF,Vosgues-Black Forest
30,31,8.263,47.86,VG-BF,Vosgues-Black Forest
30,32,8.261,47.875,VG-BF,Vosgues-Black Forest
30,33,8.266,47.885,VG-BF,Vosgues-Black Forest
30,34,8.28,47.891,VG-BF,Vosgues-Black Forest
30,35,8.292,47.893,VG-BF,Vosgues-Black Forest
30,36,8.311,47.893,VG-BF,Vosgues-Black Forest
30,37,8.318,47.914,VG-BF,Vosgues-Black Forest
30,38,8.305,47.948,VG-BF,Vosgues-Black Forest
30,39,8.323,47.978,VG-BF,Vosgues-Black Forest
30,40,8.346,47.981,VG-BF,Vosgues-Black Forest
30,41,8.348,47.983,VG-BF,Vosgues-Black Forest
30,42,8.35,47.985,VG-BF,Vosgues-Black Forest
30,43,8.352,47.991,VG-BF,Vosgues-Black Forest
30,44,8.35,47.994,VG-BF,Vosgues-Black Forest
30,45,8.341,48.012,VG-BF,Vosgues-Black Forest
30,46,8.348,48.018,VG-BF,Vosgues-Black Forest
30,47,8.357,48.022,VG-BF,Vosgues-Black Forest
30,48,8.364,48.05,VG-BF,Vosgues-Black Forest
30,49,8.345,48.065,VG-BF,Vosgues-Black Forest
30,50,8.337,48.082,VG-BF,Vosgues-Black Forest
30,51,8.346,48.093,VG-BF,Vosgues-Black Forest
30,52,8.367,48.112,VG-BF,Vosgues-Black Forest
30,53,8.37,48.117,VG-BF,Vosgues-Black Forest
30,54,8.37,48.121,VG-BF,Vosgues-Black Forest
30,55,8.365,48.126,VG-BF,Vosgues-Black Forest
30,56,8.349,48.133,VG-BF,Vosgues-Black Forest
30,57,8.31,48.153,VG-BF,Vosgues-Black Forest
30,58,8.314,48.162,VG-BF,Vosgues-Black Forest
30,59,8.321,48.171,VG-BF,Vosgues-Black Forest
30,60,8.331,48.18,VG-BF,Vosgues-Black Forest
30,61,8.362,48.194,VG-BF,Vosgues-Black Forest
30,62,8.383,48.204,VG-BF,Vosgues-Black Forest
30,63,8.398,48.214,VG-BF,Vosgues-Black Forest
30,64,8.406,48.222,VG-BF,Vosgues-Black Forest
30,65,8.409,48.229,VG-BF,Vosgues-Black Forest
30,66,8.409,48.236,VG-BF,Vosgues-Black Forest
30,67,8.398,48.308,VG-BF,Vosgues-Black Forest
30,68,8.403,48.327,VG-BF,Vosgues-Black Forest
30,69,8.421,48.341,VG-BF,Vosgues-Black Forest
30,70,8.428,48.35,VG-BF,Vosgues-Black Forest
30,71,8.43,48.354,VG-BF,Vosgues-Black Forest
30,72,8.428,48.381,VG-BF,Vosgues-Black Forest
30,73,8.426,48.391,VG-BF,Vosgues-Black Forest
30,74,8.423,48.394,VG-BF,Vosgues-Black Forest
30,75,8.419,48.397,VG-BF,Vosgues-Black Forest
30,76,8.413,48.399,VG-BF,Vosgues-Black Forest
30,77,8.407,48.399,VG-BF,Vosgues-Black Forest
30,78,8.399,48.398,VG-BF,Vosgues-Black Forest
30,79,8.392,48.395,VG-BF,Vosgues-Black Forest
30,80,8.377,48.388,VG-BF,Vosgues-Black Forest
30,81,8.343,48.407,VG-BF,Vosgues-Black Forest
30,82,8.361,48.43,VG-BF,Vosgues-Black Forest
30,83,8.366,48.439,VG-BF,Vosgues-Black Forest
30,84,8.369,48.449,VG-BF,Vosgues-Black Forest
30,85,8.369,48.453,VG-BF,Vosgues-Black Forest
30,86,8.367,48.456,VG-BF,Vosgues-Black Forest
30,87,8.357,48.455,VG-BF,Vosgues-Black Forest
30,88,8.345,48.454,VG-BF,Vosgues-Black Forest
30,89,8.336,48.451,VG-BF,Vosgues-Black Forest
30,90,8.327,48.447,VG-BF,Vosgues-Black Forest
30,91,8.316,48.438,VG-BF,Vosgues-Black Forest
30,92,8.3,48.445,VG-BF,Vosgues-Black Forest
30,93,8.283,48.46,VG-BF,Vosgues-Black Forest
30,94,8.272,48.475,VG-BF,Vosgues-Black Forest
30,95,8.272,48.489,VG-BF,Vosgues-Black Forest
30,96,8.267,48.5,VG-BF,Vosgues-Black Forest
30,97,8.262,48.503,VG-BF,Vosgues-Black Forest
30,98,8.237,48.518,VG-BF,Vosgues-Black Forest
30,99,8.231,48.526,VG-BF,Vosgues-Black Forest
30,100,8.225,48.547,VG-BF,Vosgues-Black Forest
30,101,8.223,48.585,VG-BF,Vosgues-Black Forest
30,102,8.228,48.6,VG-BF,Vosgues-Black Forest
30,103,8.238,48.604,VG-BF,Vosgues-Black Forest
30,104,8.263,48.606,VG-BF,Vosgues-Black Forest
30,105,8.281,48.606,VG-BF,Vosgues-Black Forest
30,106,8.295,48.603,VG-BF,Vosgues-Black Forest
30,107,8.315,48.602,VG-BF,Vosgues-Black Forest
30,108,8.335,48.604,VG-BF,Vosgues-Black Forest
30,109,8.343,48.605,VG-BF,Vosgues-Black Forest
30,110,8.348,48.607,VG-BF,Vosgues-Black Forest
30,111,8.375,48.627,VG-BF,Vosgues-Black Forest
30,112,8.379,48.63,VG-BF,Vosgues-Black Forest
30,113,8.393,48.652,VG-BF,Vosgues-Black Forest
30,114,8.402,48.675,VG-BF,Vosgues-Black Forest
30,115,8.405,48.688,VG-BF,Vosgues-Black Forest
30,116,8.406,48.703,VG-BF,Vosgues-Black Forest
30,117,8.406,48.71,VG-BF,Vosgues-Black Forest
30,118,8.404,48.732,VG-BF,Vosgues-Black Forest
30,119,8.414,48.741,VG-BF,Vosgues-Black Forest
30,120,8.416,48.749,VG-BF,Vosgues-Black Forest
30,121,8.415,48.765,VG-BF,Vosgues-Black Forest
30,122,8.412,48.77,VG-BF,Vosgues-Black Forest
30,123,8.404,48.789,VG-BF,Vosgues-Black Forest
30,124,8.374,48.798,VG-BF,Vosgues-Black Forest
30,125,8.341,48.802,VG-BF,Vosgues-Black Forest
30,126,8.304,48.8,VG-BF,Vosgues-Black Forest
30,127,8.269,48.805,VG-BF,Vosgues-Black Forest
30,128,8.246,48.8,VG-BF,Vosgues-Black Forest
30,129,8.227,48.782,VG-BF,Vosgues-Black Forest
30,130,8.205,48.769,VG-BF,Vosgues-Black Forest
30,131,8.187,48.753,VG-BF,Vosgues-Black Forest
30,132,8.175,48.726,VG-BF,Vosgues-Black Forest
30,133,8.162,48.694,VG-BF,Vosgues-Black Forest
30,134,8.156,48.683,VG-BF,Vosgues-Black Forest
30,135,8.139,48.662,VG-BF,Vosgues-Black Forest
30,136,8.115,48.647,VG-BF,Vosgues-Black Forest
30,137,8.108,48.64,VG-BF,Vosgues-Black Forest
30,138,8.104,48.634,VG-BF,Vosgues-Black Forest
30,139,8.09,48.609,VG-BF,Vosgues-Black Forest
30,140,8.057,48.571,VG-BF,Vosgues-Black Forest
30,141,8.013,48.515,VG-BF,Vosgues-Black Forest
30,142,7.977,48.484,VG-BF,Vosgues-Black Forest
30,143,7.964,48.477,VG-BF,Vosgues-Black Forest
30,144,7.945,48.467,VG-BF,Vosgues-Black Forest
30,145,7.931,48.457,VG-BF,Vosgues-Black Forest
30,146,7.929,48.455,VG-BF,Vosgues-Black Forest
30,147,7.941,48.443,VG-BF,Vosgues-Black Forest
30,148,7.945,48.429,VG-BF,Vosgues-Black Forest
30,149,7.948,48.421,VG-BF,Vosgues-Black Forest
30,150,7.957,48.414,VG-BF,Vosgues-Black Forest
30,151,7.968,48.41,VG-BF,Vosgues-Black Forest
30,152,7.97,48.408,VG-BF,Vosgues-Black Forest
30,153,7.979,48.4,VG-BF,Vosgues-Black Forest
30,154,7.984,48.387,VG-BF,Vosgues-Black Forest
30,155,7.983,48.379,VG-BF,Vosgues-Black Forest
30,156,7.993,48.365,VG-BF,Vosgues-Black Forest
30,157,7.985,48.36,VG-BF,Vosgues-Black Forest
30,158,7.98,48.355,VG-BF,Vosgues-Black Forest
30,159,7.965,48.347,VG-BF,Vosgues-Black Forest
30,160,7.955,48.337,VG-BF,Vosgues-Black Forest
30,161,7.94,48.321,VG-BF,Vosgues-Black Forest
30,162,7.935,48.313,VG-BF,Vosgues-Black Forest
30,163,7.933,48.308,VG-BF,Vosgues-Black Forest
30,164,7.934,48.3,VG-BF,Vosgues-Black Forest
30,165,7.94,48.291,VG-BF,Vosgues-Black Forest
30,166,7.949,48.29,VG-BF,Vosgues-Black Forest
30,167,7.97,48.271,VG-BF,Vosgues-Black Forest
30,168,7.96,48.252,VG-BF,Vosgues-Black Forest
30,169,7.947,48.228,VG-BF,Vosgues-Black Forest
30,170,7.94,48.187,VG-BF,Vosgues-Black Forest
30,171,7.962,48.156,VG-BF,Vosgues-Black Forest
30,172,7.948,48.145,VG-BF,Vosgues-Black Forest
30,173,7.93,48.149,VG-BF,Vosgues-Black Forest
30,174,7.908,48.114,VG-BF,Vosgues-Black Forest
30,175,7.901,48.094,VG-BF,Vosgues-Black Forest
30,176,7.898,48.08,VG-BF,Vosgues-Black Forest
30,177,7.897,48.075,VG-BF,Vosgues-Black Forest
30,178,7.897,48.055,VG-BF,Vosgues-Black Forest
30,179,7.9,48.043,VG-BF,Vosgues-Black Forest
30,180,7.902,48.039,VG-BF,Vosgues-Black Forest
30,181,7.878,48.045,VG-BF,Vosgues-Black Forest
30,182,7.864,48.015,VG-BF,Vosgues-Black Forest
30,183,7.854,47.997,VG-BF,Vosgues-Black Forest
30,184,7.847,47.983,VG-BF,Vosgues-Black Forest
30,185,7.827,47.961,VG-BF,Vosgues-Black Forest
30,186,7.814,47.951,VG-BF,Vosgues-Black Forest
30,187,7.79,47.947,VG-BF,Vosgues-Black Forest
30,188,7.757,47.916,VG-BF,Vosgues-Black Forest
30,189,7.749,47.909,VG-BF,Vosgues-Black Forest
30,190,7.725,47.874,VG-BF,Vosgues-Black Forest
30,191,7.695,47.846,VG-BF,Vosgues-Black Forest
30,192,7.685,47.842,VG-BF,Vosgues-Black Forest
30,193,7.676,47.84,VG-BF,Vosgues-Black Forest
30,194,7.668,47.836,VG-BF,Vosgues-Black Forest
30,195,7.669,47.82,VG-BF,Vosgues-Black Forest
30,196,7.67,47.78,VG-BF,Vosgues-Black Forest
30,197,7.667,47.744,VG-BF,Vosgues-Black Forest
30,198,7.663,47.71,VG-BF,Vosgues-Black Forest
30,199,7.662,47.695,VG-BF,Vosgues-Black Forest
30,200,7.663,47.686,VG-BF,Vosgues-Black Forest
30,201,7.667,47.675,VG-BF,Vosgues-Black Forest
30,202,7.671,47.667,VG-BF,Vosgues-Black Forest
30,203,7.722,47.664,VG-BF,Vosgues-Black Forest
30,204,7.766,47.662,VG-BF,Vosgues-Black Forest
30,205,7.815,47.659,VG-BF,Vosgues-Black Forest
30,206,7.86,47.656,VG-BF,Vosgues-Black Forest
30,207,7.916,47.655,VG-BF,Vosgues-Black Forest
30,208,7.945,47.656,VG-BF,Vosgues-Black Forest
30,209,7.97,47.653,VG-BF,Vosgues-Black Forest
30,210,7.975,47.63,VG-BF,Vosgues-Black Forest
30,211,7.97,47.56,VG-BF,Vosgues-Black Forest
30,212,7.972,47.559,VG-BF,Vosgues-Black Forest
30,213,8.007,47.554,VG-BF,Vosgues-Black Forest
31,0,6.71,47.578,VG-BF,Vosgues-Black Forest
31,1,6.77,47.6,VG-BF,Vosgues-Black Forest
31,2,6.828,47.628,VG-BF,Vosgues-Black Forest
31,3,6.869,47.646,VG-BF,Vosgues-Black Forest
31,4,6.892,47.66,VG-BF,Vosgues-Black Forest
31,5,6.902,47.633,VG-BF,Vosgues-Black Forest
31,6,6.957,47.665,VG-BF,Vosgues-Black Forest
31,7,7.029,47.706,VG-BF,Vosgues-Black Forest
31,8,7.069,47.734,VG-BF,Vosgues-Black Forest
31,9,7.141,47.788,VG-BF,Vosgues-Black Forest
31,10,7.144,47.79,VG-BF,Vosgues-Black Forest
31,11,7.178,47.822,VG-BF,Vosgues-Black Forest
31,12,7.209,47.857,VG-BF,Vosgues-Black Forest
31,13,7.236,47.89,VG-BF,Vosgues-Black Forest
31,14,7.257,47.924,VG-BF,Vosgues-Black Forest
31,15,7.273,47.966,VG-BF,Vosgues-Black Forest
31,16,7.282,47.987,VG-BF,Vosgues-Black Forest
31,17,7.292,48.023,VG-BF,Vosgues-Black Forest
31,18,7.301,48.056,VG-BF,Vosgues-Black Forest
31,19,7.316,48.158,VG-BF,Vosgues-Black Forest
31,20,7.34,48.207,VG-BF,Vosgues-Black Forest
31,21,7.358,48.225,VG-BF,Vosgues-Black Forest
31,22,7.376,48.243,VG-BF,Vosgues-Black Forest
31,23,7.396,48.256,VG-BF,Vosgues-Black Forest
31,24,7.436,48.288,VG-BF,Vosgues-Black Forest
31,25,7.449,48.3,VG-BF,Vosgues-Black Forest
31,26,7.455,48.314,VG-BF,Vosgues-Black Forest
31,27,7.464,48.343,VG-BF,Vosgues-Black Forest
31,28,7.422,48.414,VG-BF,Vosgues-Black Forest
31,29,7.415,48.426,VG-BF,Vosgues-Black Forest
31,30,7.407,48.44,VG-BF,Vosgues-Black Forest
31,31,7.391,48.458,VG-BF,Vosgues-Black Forest
31,32,7.354,48.511,VG-BF,Vosgues-Black Forest
31,33,7.347,48.544,VG-BF,Vosgues-Black Forest
31,34,7.342,48.578,VG-BF,Vosgues-Black Forest
31,35,7.331,48.572,VG-BF,Vosgues-Black Forest
31,36,7.321,48.565,VG-BF,Vosgues-Black Forest
31,37,7.263,48.511,VG-BF,Vosgues-Black Forest
31,38,7.248,48.51,VG-BF,Vosgues-Black Forest
31,39,7.233,48.509,VG-BF,Vosgues-Black Forest
31,40,7.208,48.504,VG-BF,Vosgues-Black Forest
31,41,7.169,48.494,VG-BF,Vosgues-Black Forest
31,42,7.163,48.489,VG-BF,Vosgues-Black Forest
31,43,7.157,48.483,VG-BF,Vosgues-Black Forest
31,44,7.153,48.475,VG-BF,Vosgues-Black Forest
31,45,7.132,48.408,VG-BF,Vosgues-Black Forest
31,46,7.078,48.422,VG-BF,Vosgues-Black Forest
31,47,7.059,48.419,VG-BF,Vosgues-Black Forest
31,48,7.043,48.414,VG-BF,Vosgues-Black Forest
31,49,7.03,48.407,VG-BF,Vosgues-Black Forest
31,50,6.952,48.378,VG-BF,Vosgues-Black Forest
31,51,6.939,48.388,VG-BF,Vosgues-Black Forest
31,52,6.932,48.391,VG-BF,Vosgues-Black Forest
31,53,6.925,48.391,VG-BF,Vosgues-Black Forest
31,54,6.918,48.389,VG-BF,Vosgues-Black Forest
31,55,6.911,48.385,VG-BF,Vosgues-Black Forest
31,56,6.901,48.369,VG-BF,Vosgues-Black Forest
31,57,6.886,48.347,VG-BF,Vosgues-Black Forest
31,58,6.865,48.316,VG-BF,Vosgues-Black Forest
31,59,6.854,48.254,VG-BF,Vosgues-Black Forest
31,60,6.821,48.163,VG-BF,Vosgues-Black Forest
31,61,6.768,48.168,VG-BF,Vosgues-Black Forest
31,62,6.742,48.165,VG-BF,Vosgues-Black Forest
31,63,6.734,48.159,VG-BF,Vosgues-Black Forest
31,64,6.694,48.128,VG-BF,Vosgues-Black Forest
31,65,6.652,48.07,VG-BF,Vosgues-Black Forest
31,66,6.635,48.07,VG-BF,Vosgues-Black Forest
31,67,6.611,48.067,VG-BF,Vosgues-Black Forest
31,68,6.598,48.062,VG-BF,Vosgues-Black Forest
31,69,6.588,48.053,VG-BF,Vosgues-Black Forest
31,70,6.544,48.001,VG-BF,Vosgues-Black Forest
31,71,6.53,47.997,VG-BF,Vosgues-Black Forest
31,72,6.521,47.987,VG-BF,Vosgues-Black Forest
31,73,6.523,47.977,VG-BF,Vosgues-Black Forest
31,74,6.538,47.915,VG-BF,Vosgues-Black Forest
31,75,6.523,47.907,VG-BF,Vosgues-Black Forest
31,76,6.513,47.898,VG-BF,Vosgues-Black Forest
31,77,6.51,47.891,VG-BF,Vosgues-Black Forest
31,78,6.512,47.885,VG-BF,Vosgues-Black Forest
31,79,6.529,47.834,VG-BF,Vosgues-Black Forest
31,80,6.525,47.825,VG-BF,Vosgues-Black Forest
31,81,6.527,47.817,VG-BF,Vosgues-Black Forest
31,82,6.531,47.809,VG-BF,Vosgues-Black Forest
31,83,6.54,47.8,VG-BF,Vosgues-Black Forest
31,84,6.555,47.794,VG-BF,Vosgues-Black Forest
31,85,6.608,47.756,VG-BF,Vosgues-Black Forest
31,86,6.604,47.733,VG-BF,Vosgues-Black Forest
31,87,6.636,47.7,VG-BF,Vosgues-Black Forest
31,88,6.654,47.672,VG-BF,Vosgues-Black Forest
31,89,6.694,47.626,VG-BF,Vosgues-Black Forest
31,90,6.667,47.605,VG-BF,Vosgues-Black Forest
31,91,6.662,47.597,VG-BF,Vosgues-Black Forest
31,92,6.666,47.585,VG-BF,Vosgues-Black Forest
31,93,6.678,47.581,VG-BF,Vosgues-Black Forest
31,94,6.694,47.579,VG-BF,Vosgues-Black Forest
31,95,6.71,47.578,VG-BF,Vosgues-Black Forest
40,0,20.5,50.844,MM,Malopolska Massif
40,1,20.495,50.851,MM,Malopolska Massif
40,2,20.492,50.858,MM,Malopolska Massif
40,3,20.501,50.899,MM,Malopolska Massif
40,4,20.608,50.987,MM,Malopolska Massif
40,5,20.763,50.991,MM,Malopolska Massif
40,6,20.799,50.995,MM,Malopolska Massif
40,7,20.853,50.997,MM,Malopolska Massif
40,8,20.911,50.997,MM,Malopolska Massif
40,9,20.96,50.996,MM,Malopolska Massif
40,10,21.002,50.992,MM,Malopolska Massif
40,11,21.041,50.986,MM,Malopolska Massif
40,12,21.1,50.975,MM,Malopolska Massif
40,13,21.194,50.94,MM,Malopolska Massif
40,14,21.312,50.915,MM,Malopolska Massif
40,15,21.396,50.847,MM,Malopolska Massif
40,16,21.53,50.812,MM,Malopolska Massif
40,17,21.67,50.737,MM,Malopolska Massif
40,18,21.704,50.735,MM,Malopolska Massif
40,19,21.745,50.732,MM,Malopolska Massif
40,20,21.779,50.727,MM,Malopolska Massif
40,21,21.807,50.722,MM,Malopolska Massif
40,22,21.827,50.717,MM,Malopolska Massif
40,23,21.839,50.711,MM,Malopolska Massif
40,24,21.844,50.705,MM,Malopolska Massif
40,25,21.845,50.699,MM,Malopolska Massif
40,26,21.845,50.695,MM,Malopolska Massif
40,27,21.841,50.691,MM,Malopolska Massif
40,28,21.835,50.687,MM,Malopolska Massif
40,29,21.825,50.684,MM,Malopolska Massif
40,30,21.811,50.683,MM,Malopolska Massif
40,31,21.791,50.683,MM,Malopolska Massif
40,32,21.761,50.686,MM,Malopolska Massif
40,33,21.62,50.619,MM,Malopolska Massif
40,34,21.609,50.614,MM,Malopolska Massif
40,35,21.595,50.612,MM,Malopolska Massif
40,36,21.576,50.614,MM,Malopolska Massif
40,37,21.458,50.628,MM,Malopolska Massif
40,38,21.403,50.631,MM,Malopolska Massif
40,39,21.352,50.636,MM,Malopolska Massif
40,40,21.318,50.639,MM,Malopolska Massif
40,41,21.263,50.645,MM,Malopolska Massif
40,42,21.235,50.649,MM,Malopolska Massif
40,43,21.209,50.653,MM,Malopolska Massif
40,44,21.141,50.664,MM,Malopolska Massif
40,45,21.099,50.672,MM,Malopolska Massif
40,46,21.055,50.683,MM,Malopolska Massif
40,47,21.015,50.694,MM,Malopolska Massif
40,48,20.983,50.706,MM,Malopolska Massif
40,49,20.818,50.72,MM,Malopolska Massif
40,50,20.779,50.726,MM,Malopolska Massif
40,51,20.745,50.734,MM,Malopolska Massif
40,52,20.718,50.743,MM,Malopolska Massif
40,53,20.698,50.752,MM,Malopolska Massif
40,54,20.59,50.801,MM,Malopolska Massif
40,55,20.546,50.816,MM,Malopolska Massif
40,56,20.522,50.827,MM,Malopolska Massif
40,57,20.509,50.835,MM,Malopolska Massif
40,58,20.5,50.844,MM,Malopolska Massif
41,0,21.28,52.782,MH,Mazurska High
41,1,21.638,52.798,MH,Mazurska High
41,2,22.027,52.862,MH,Mazurska High
41,3,22.934,53.164,MH,Mazurska High
41,4,23.475,53.132,MH,Mazurska High
41,5,23.602,53.085,MH,Mazurska High
41,6,24.055,53.085,MH,Mazurska High
41,7,24.54,53.164,MH,Mazurska High
41,8,25.185,53.18,MH,Mazurska High
41,9,25.837,53.18,MH,Mazurska High
41,10,26.25,53.116,MH,Mazurska High
41,11,26.513,53.411,MH,Mazurska High
41,12,27.022,53.912,MH,Mazurska High
41,13,27.268,54.166,MH,Mazurska High
41,14,26.123,54.166,MH,Mazurska High
41,15,25.256,54.198,MH,Mazurska High
41,16,24.874,54.246,MH,Mazurska High
41,17,24.016,54.174,MH,Mazurska High
41,18,23.53,54.15,MH,Mazurska High
41,19,23.069,54.118,MH,Mazurska High
41,20,22.576,54.047,MH,Mazurska High
41,21,22.107,53.967,MH,Mazurska High
41,22,21.749,53.904,MH,Mazurska High
41,23,21.081,53.8,MH,Mazurska High
41,24,20.763,53.681,MH,Mazurska High
41,25,20.556,53.546,MH,Mazurska High
41,26,20.5,53.379,MH,Mazurska High
41,27,20.572,53.14,MH,Mazurska High
41,28,20.731,52.965,MH,Mazurska High
41,29,20.97,52.854,MH,Mazurska High
41,30,21.28,52.782,MH,Mazurska High
50,0,2.346,43.321,MC,Massif Central
50,1,2.385,43.321,MC,Massif Central
50,2,2.427,43.323,MC,Massif Central
50,3,2.446,43.325,MC,Massif Central
50,4,2.47,43.328,MC,Massif Central
50,5,2.491,43.332,MC,Massif Central
50,6,2.512,43.338,MC,Massif Central
50,7,2.535,43.345,MC,Massif Central
50,8,2.582,43.36,MC,Massif Central
50,9,2.648,43.372,MC,Massif Central
50,10,2.693,43.366,MC,Massif Central
50,11,2.706,43.367,MC,Massif Central
50,12,2.765,43.378,MC,Massif Central
50,13,2.818,43.396,MC,Massif Central
50,14,2.886,43.418,MC,Massif Central
50,15,2.901,43.421,MC,Massif Central
50,16,2.932,43.432,MC,Massif Central
50,17,2.957,43.442,MC,Massif Central
50,18,3.002,43.467,MC,Massif Central
50,19,3.026,43.478,MC,Massif Central
50,20,3.084,43.5,MC,Massif Central
50,21,3.133,43.508,MC,Massif Central
50,22,3.185,43.515,MC,Massif Central
50,23,3.222,43.521,MC,Massif Central
50,24,3.233,43.523,MC,Massif Central
50,25,3.243,43.525,MC,Massif Central
50,26,3.261,43.53,MC,Massif Central
50,27,3.283,43.537,MC,Massif Central
50,28,3.308,43.546,MC,Massif Central
50,29,3.335,43.553,MC,Massif Central
50,30,3.356,43.56,MC,Massif Central
50,31,3.368,43.567,MC,Massif Central
50,32,3.378,43.576,MC,Massif Central
50,33,3.383,43.59,MC,Massif Central
50,34,3.377,43.638,MC,Massif Central
50,35,3.408,43.654,MC,Massif Central
50,36,3.419,43.661,MC,Massif Central
50,37,3.429,43.668,MC,Massif Central
50,38,3.438,43.676,MC,Massif Central
50,39,3.442,43.686,MC,Massif Central
50,40,3.426,43.722,MC,Massif Central
50,41,3.416,43.734,MC,Massif Central
50,42,3.404,43.742,MC,Massif Central
50,43,3.39,43.745,MC,Massif Central
50,44,3.369,43.743,MC,Massif Central
50,45,3.348,43.739,MC,Massif Central
50,46,3.328,43.734,MC,Massif Central
50,47,3.32,43.731,MC,Massif Central
50,48,3.303,43.718,MC,Massif Central
50,49,3.292,43.708,MC,Massif Central
50,50,3.213,43.675,MC,Massif Central
50,51,3.171,43.715,MC,Massif Central
50,52,3.164,43.74,MC,Massif Central
50,53,3.152,43.749,MC,Massif Central
50,54,3.125,43.763,MC,Massif Central
50,55,3.116,43.769,MC,Massif Central
50,56,3.077,43.81,MC,Massif Central
50,57,3.086,43.856,MC,Massif Central
50,58,3.125,43.863,MC,Massif Central
50,59,3.091,43.879,MC,Massif Central
50,60,3.074,43.886,MC,Massif Central
50,61,3.056,43.891,MC,Massif Central
50,62,3.036,43.895,MC,Massif Central
50,63,2.968,43.893,MC,Massif Central
50,64,2.918,43.915,MC,Massif Central
50,65,2.911,43.956,MC,Massif Central
50,66,2.908,43.966,MC,Massif Central
50,67,2.899,43.972,MC,Massif Central
50,68,2.845,43.988,MC,Massif Central
50,69,2.833,44.046,MC,Massif Central
50,70,2.86,44.064,MC,Massif Central
50,71,2.871,44.071,MC,Massif Central
50,72,2.91,44.1,MC,Massif Central
50,73,2.933,44.107,MC,Massif Central
50,74,2.944,44.112,MC,Massif Central
50,75,2.955,44.119,MC,Massif Central
50,76,2.965,44.127,MC,Massif Central
50,77,2.974,44.141,MC,Massif Central
50,78,2.974,44.161,MC,Massif Central
50,79,2.975,44.231,MC,Massif Central
50,80,2.994,44.238,MC,Massif Central
50,81,3.013,44.246,MC,Massif Central
50,82,3.02,44.252,MC,Massif Central
50,83,3.002,44.282,MC,Massif Central
50,84,2.984,44.3,MC,Massif Central
50,85,2.933,44.312,MC,Massif Central
50,86,2.844,44.343,MC,Massif Central
50,87,2.788,44.364,MC,Massif Central
50,88,2.762,44.372,MC,Massif Central
50,89,2.722,44.38,MC,Massif Central
50,90,2.681,44.369,MC,Massif Central
50,91,2.664,44.371,MC,Massif Central
50,92,2.644,44.364,MC,Massif Central
50,93,2.592,44.35,MC,Massif Central
50,94,2.558,44.358,MC,Massif Central
50,95,2.545,44.359,MC,Massif Central
50,96,2.464,44.373,MC,Massif Central
50,97,2.426,44.393,MC,Massif Central
50,98,2.417,44.428,MC,Massif Central
50,99,2.43,44.431,MC,Massif Central
50,100,2.436,44.437,MC,Massif Central
50,101,2.452,44.474,MC,Massif Central
50,102,2.479,44.508,MC,Massif Central
50,103,2.504,44.508,MC,Massif Central
50,104,2.555,44.501,MC,Massif Central
50,105,2.588,44.489,MC,Massif Central
50,106,2.604,44.485,MC,Massif Central
50,107,2.635,44.489,MC,Massif Central
50,108,2.711,44.491,MC,Massif Central
50,109,2.743,44.487,MC,Massif Central
50,110,2.786,44.47,MC,Massif Central
50,111,2.788,44.467,MC,Massif Central
50,112,2.798,44.459,MC,Massif Central
50,113,2.805,44.456,MC,Massif Central
50,114,2.812,44.453,MC,Massif Central
50,115,2.82,44.45,MC,Massif Central
50,116,2.834,44.449,MC,Massif Central
50,117,2.867,44.449,MC,Massif Central
50,118,2.939,44.441,MC,Massif Central
50,119,2.978,44.437,MC,Massif Central
50,120,3.022,44.434,MC,Massif Central
50,121,3.085,44.431,MC,Massif Central
50,122,3.101,44.432,MC,Massif Central
50,123,3.137,44.434,MC,Massif Central
50,124,3.199,44.459,MC,Massif Central
50,125,3.225,44.464,MC,Massif Central
50,126,3.243,44.471,MC,Massif Central
50,127,3.248,44.478,MC,Massif Central
50,128,3.25,44.486,MC,Massif Central
50,129,3.238,44.536,MC,Massif Central
50,130,3.247,44.553,MC,Massif Central
50,131,3.278,44.555,MC,Massif Central
50,132,3.295,44.559,MC,Massif Central
50,133,3.351,44.541,MC,Massif Central
50,134,3.353,44.53,MC,Massif Central
50,135,3.37,44.521,MC,Massif Central
50,136,3.382,44.516,MC,Massif Central
50,137,3.395,44.513,MC,Massif Central
50,138,3.462,44.523,MC,Massif Central
50,139,3.467,44.468,MC,Massif Central
50,140,3.482,44.461,MC,Massif Central
50,141,3.503,44.455,MC,Massif Central
50,142,3.531,44.409,MC,Massif Central
50,143,3.526,44.395,MC,Massif Central
50,144,3.524,44.38,MC,Massif Central
50,145,3.525,44.358,MC,Massif Central
50,146,3.56,44.309,MC,Massif Central
50,147,3.554,44.238,MC,Massif Central
50,148,3.538,44.219,MC,Massif Central
50,149,3.51,44.197,MC,Massif Central
50,150,3.485,44.184,MC,Massif Central
50,151,3.431,44.158,MC,Massif Central
50,152,3.409,44.154,MC,Massif Central
50,153,3.398,44.127,MC,Massif Central
50,154,3.375,44.061,MC,Massif Central
50,155,3.334,43.997,MC,Massif Central
50,156,3.315,43.974,MC,Massif Central
50,157,3.342,43.97,MC,Massif Central
50,158,3.379,43.966,MC,Massif Central
50,159,3.402,43.964,MC,Massif Central
50,160,3.424,43.963,MC,Massif Central
50,161,3.451,43.964,MC,Massif Central
50,162,3.473,43.966,MC,Massif Central
50,163,3.527,43.973,MC,Massif Central
50,164,3.564,43.975,MC,Massif Central
50,165,3.576,43.928,MC,Massif Central
50,166,3.603,43.929,MC,Massif Central
50,167,3.622,43.93,MC,Massif Central
50,168,3.639,43.933,MC,Massif Central
50,169,3.684,43.972,MC,Massif Central
50,170,3.738,44.024,MC,Massif Central
50,171,3.759,44.025,MC,Massif Central
50,172,3.777,44.02,MC,Massif Central
50,173,3.796,44.016,MC,Massif Central
50,174,3.815,44.014,MC,Massif Central
50,175,3.829,44.014,MC,Massif Central
50,176,3.842,44.016,MC,Massif Central
50,177,3.854,44.02,MC,Massif Central
50,178,3.869,44.029,MC,Massif Central
50,179,3.881,44.04,MC,Massif Central
50,180,3.887,44.047,MC,Massif Central
50,181,3.891,44.055,MC,Massif Central
50,182,3.933,44.141,MC,Massif Central
50,183,3.973,44.133,MC,Massif Central
50,184,3.981,44.132,MC,Massif Central
50,185,3.995,44.135,MC,Massif Central
50,186,4.01,44.141,MC,Massif Central
50,187,3.97,44.27,MC,Massif Central
50,188,4,44.295,MC,Massif Central
50,189,4.05,44.306,MC,Massif Central
50,190,4.066,44.299,MC,Massif Central
50,191,4.094,44.308,MC,Massif Central
50,192,4.1,44.311,MC,Massif Central
50,193,4.108,44.317,MC,Massif Central
50,194,4.108,44.336,MC,Massif Central
50,195,4.105,44.348,MC,Massif Central
50,196,4.102,44.36,MC,Massif Central
50,197,4.099,44.372,MC,Massif Central
50,198,4.094,44.385,MC,Massif Central
50,199,4.104,44.46,MC,Massif Central
50,200,4.142,44.483,MC,Massif Central
50,201,4.222,44.527,MC,Massif Central
50,202,4.284,44.548,MC,Massif Central
50,203,4.302,44.563,MC,Massif Central
50,204,4.333,44.588,MC,Massif Central
50,205,4.375,44.615,MC,Massif Central
50,206,4.423,44.643,MC,Massif Central
50,207,4.437,44.649,MC,Massif Central
50,208,4.478,44.669,MC,Massif Central
50,209,4.531,44.686,MC,Massif Central
50,210,4.532,44.686,MC,Massif Central
50,211,4.537,44.685,MC,Massif Central
50,212,4.542,44.684,MC,Massif Central
50,213,4.548,44.684,MC,Massif Central
50,214,4.568,44.687,MC,Massif Central
50,215,4.582,44.689,MC,Massif Central
50,216,4.615,44.696,MC,Massif Central
50,217,4.647,44.704,MC,Massif Central
50,218,4.688,44.717,MC,Massif Central
50,219,4.711,44.729,MC,Massif Central
50,220,4.764,44.766,MC,Massif Central
50,221,4.791,44.787,MC,Massif Central
50,222,4.819,44.814,MC,Massif Central
50,223,4.843,44.844,MC,Massif Central
50,224,4.852,44.906,MC,Massif Central
50,225,4.865,44.931,MC,Massif Central
50,226,4.868,44.988,MC,Massif Central
50,227,4.89,45.06,MC,Massif Central
50,228,4.898,45.075,MC,Massif Central
50,229,4.9,45.09,MC,Massif Central
50,230,4.894,45.118,MC,Massif Central
50,231,4.889,45.138,MC,Massif Central
50,232,4.885,45.148,MC,Massif Central
50,233,4.881,45.157,MC,Massif Central
50,234,4.874,45.165,MC,Massif Central
50,235,4.869,45.17,MC,Massif Central
50,236,4.862,45.174,MC,Massif Central
50,237,4.829,45.203,MC,Massif Central
50,238,4.832,45.227,MC,Massif Central
50,239,4.832,45.243,MC,Massif Central
50,240,4.83,45.258,MC,Massif Central
50,241,4.802,45.325,MC,Massif Central
50,242,4.791,45.348,MC,Massif Central
50,243,4.777,45.376,MC,Massif Central
50,244,4.789,45.392,MC,Massif Central
50,245,4.793,45.399,MC,Massif Central
50,246,4.797,45.408,MC,Massif Central
50,247,4.823,45.456,MC,Massif Central
50,248,4.861,45.488,MC,Massif Central
50,249,4.891,45.501,MC,Massif Central
50,250,4.899,45.503,MC,Massif Central
50,251,4.907,45.505,MC,Massif Central
50,252,4.915,45.508,MC,Massif Central
50,253,4.921,45.512,MC,Massif Central
50,254,4.911,45.524,MC,Massif Central
50,255,4.868,45.57,MC,Massif Central
50,256,4.861,45.581,MC,Massif Central
50,257,4.851,45.589,MC,Massif Central
50,258,4.779,45.604,MC,Massif Central
50,259,4.773,45.657,MC,Massif Central
50,260,4.778,45.674,MC,Massif Central
50,261,4.781,45.69,MC,Massif Central
50,262,4.796,45.733,MC,Massif Central
50,263,4.835,45.75,MC,Massif Central
50,264,4.851,45.768,MC,Massif Central
50,265,4.858,45.792,MC,Massif Central
50,266,4.859,45.816,MC,Massif Central
50,267,4.85,45.871,MC,Massif Central
50,268,4.798,45.878,MC,Massif Central
50,269,4.784,45.879,MC,Massif Central
50,270,4.77,45.878,MC,Massif Central
50,271,4.701,45.871,MC,Massif Central
50,272,4.686,45.869,MC,Massif Central
50,273,4.672,45.866,MC,Massif Central
50,274,4.641,45.909,MC,Massif Central
50,275,4.656,45.937,MC,Massif Central
50,276,4.662,45.956,MC,Massif Central
50,277,4.663,45.974,MC,Massif Central
50,278,4.658,46.05,MC,Massif Central
50,279,4.686,46.106,MC,Massif Central
50,280,4.722,46.15,MC,Massif Central
50,281,4.742,46.171,MC,Massif Central
50,282,4.758,46.194,MC,Massif Central
50,283,4.765,46.208,MC,Massif Central
50,284,4.767,46.222,MC,Massif Central
50,285,4.76,46.243,MC,Massif Central
50,286,4.736,46.301,MC,Massif Central
50,287,4.735,46.382,MC,Massif Central
50,288,4.758,46.435,MC,Massif Central
50,289,4.781,46.481,MC,Massif Central
50,290,4.788,46.497,MC,Massif Central
50,291,4.796,46.512,MC,Massif Central
50,292,4.803,46.528,MC,Massif Central
50,293,4.794,46.547,MC,Massif Central
50,294,4.709,46.463,MC,Massif Central
50,295,4.686,46.47,MC,Massif Central
50,296,4.654,46.412,MC,Massif Central
50,297,4.596,46.406,MC,Massif Central
50,298,4.588,46.422,MC,Massif Central
50,299,4.58,46.434,MC,Massif Central
50,300,4.57,46.439,MC,Massif Central
50,301,4.525,46.493,MC,Massif Central
50,302,4.524,46.503,MC,Massif Central
50,303,4.511,46.561,MC,Massif Central
50,304,4.518,46.578,MC,Massif Central
50,305,4.525,46.598,MC,Massif Central
50,306,4.533,46.664,MC,Massif Central
50,307,4.547,46.68,MC,Massif Central
50,308,4.558,46.697,MC,Massif Central
50,309,4.582,46.753,MC,Massif Central
50,310,4.63,46.784,MC,Massif Central
50,311,4.628,46.817,MC,Massif Central
50,312,4.625,46.857,MC,Massif Central
50,313,4.555,46.835,MC,Massif Central
50,314,4.549,46.844,MC,Massif Central
50,315,4.538,46.85,MC,Massif Central
50,316,4.483,46.866,MC,Massif Central
50,317,4.486,46.906,MC,Massif Central
50,318,4.495,46.905,MC,Massif Central
50,319,4.502,46.907,MC,Massif Central
50,320,4.507,46.911,MC,Massif Central
50,321,4.531,46.941,MC,Massif Central
50,322,4.539,46.953,MC,Massif Central
50,323,4.547,46.969,MC,Massif Central
50,324,4.551,46.98,MC,Massif Central
50,325,4.549,46.99,MC,Massif Central
50,326,4.537,47.008,MC,Massif Central
50,327,4.516,47.025,MC,Massif Central
50,328,4.508,47.031,MC,Massif Central
50,329,4.498,47.036,MC,Massif Central
50,330,4.487,47.035,MC,Massif Central
50,331,4.477,47.03,MC,Massif Central
50,332,4.423,47.001,MC,Massif Central
50,333,4.392,47,MC,Massif Central
50,334,4.361,46.997,MC,Massif Central
50,335,4.342,46.994,MC,Massif Central
50,336,4.331,46.987,MC,Massif Central
50,337,4.286,46.97,MC,Massif Central
50,338,4.268,46.994,MC,Massif Central
50,339,4.285,47.024,MC,Massif Central
50,340,4.33,47.052,MC,Massif Central
50,341,4.342,47.053,MC,Massif Central
50,342,4.4,47.079,MC,Massif Central
50,343,4.413,47.09,MC,Massif Central
50,344,4.445,47.117,MC,Massif Central
50,345,4.456,47.125,MC,Massif Central
50,346,4.465,47.135,MC,Massif Central
50,347,4.468,47.14,MC,Massif Central
50,348,4.466,47.146,MC,Massif Central
50,349,4.458,47.151,MC,Massif Central
50,350,4.437,47.149,MC,Massif Central
50,351,4.387,47.141,MC,Massif Central
50,352,4.377,47.139,MC,Massif Central
50,353,4.37,47.132,MC,Massif Central
50,354,4.352,47.098,MC,Massif Central
50,355,4.304,47.137,MC,Massif Central
50,356,4.289,47.176,MC,Massif Central
50,357,4.296,47.219,MC,Massif Central
50,358,4.306,47.221,MC,Massif Central
50,359,4.316,47.224,MC,Massif Central
50,360,4.325,47.227,MC,Massif Central
50,361,4.336,47.245,MC,Massif Central
50,362,4.339,47.27,MC,Massif Central
50,363,4.333,47.322,MC,Massif Central
50,364,4.329,47.342,MC,Massif Central
50,365,4.324,47.363,MC,Massif Central
50,366,4.316,47.388,MC,Massif Central
50,367,4.311,47.391,MC,Massif Central
50,368,4.253,47.41,MC,Massif Central
50,369,4.252,47.418,MC,Massif Central
50,370,4.237,47.423,MC,Massif Central
50,371,4.2,47.445,MC,Massif Central
50,372,4.17,47.475,MC,Massif Central
50,373,4.165,47.482,MC,Massif Central
50,374,4.154,47.487,MC,Massif Central
50,375,4.136,47.485,MC,Massif Central
50,376,4.112,47.478,MC,Massif Central
50,377,4.023,47.47,MC,Massif Central
50,378,3.975,47.479,MC,Massif Central
50,379,3.924,47.476,MC,Massif Central
50,380,3.915,47.487,MC,Massif Central
50,381,3.908,47.492,MC,Massif Central
50,382,3.898,47.491,MC,Massif Central
50,383,3.889,47.486,MC,Massif Central
50,384,3.883,47.48,MC,Massif Central
50,385,3.879,47.473,MC,Massif Central
50,386,3.872,47.416,MC,Massif Central
50,387,3.848,47.387,MC,Massif Central
50,388,3.826,47.371,MC,Massif Central
50,389,3.811,47.352,MC,Massif Central
50,390,3.798,47.334,MC,Massif Central
50,391,3.794,47.323,MC,Massif Central
50,392,3.799,47.27,MC,Massif Central
50,393,3.787,47.239,MC,Massif Central
50,394,3.772,47.207,MC,Massif Central
50,395,3.743,47.177,MC,Massif Central
50,396,3.733,47.163,MC,Massif Central
50,397,3.733,47.155,MC,Massif Central
50,398,3.737,47.147,MC,Massif Central
50,399,3.742,47.14,MC,Massif Central
50,400,3.786,47.091,MC,Massif Central
50,401,3.796,47.072,MC,Massif Central
50,402,3.81,47.031,MC,Massif Central
50,403,3.805,46.993,MC,Massif Central
50,404,3.808,46.976,MC,Massif Central
50,405,3.81,46.915,MC,Massif Central
50,406,3.816,46.851,MC,Massif Central
50,407,3.808,46.835,MC,Massif Central
50,408,3.801,46.818,MC,Massif Central
50,409,3.801,46.794,MC,Massif Central
50,410,3.802,46.742,MC,Massif Central
50,411,3.805,46.726,MC,Massif Central
50,412,3.805,46.664,MC,Massif Central
50,413,3.768,46.628,MC,Massif Central
50,414,3.75,46.61,MC,Massif Central
50,415,3.735,46.591,MC,Massif Central
50,416,3.725,46.567,MC,Massif Central
50,417,3.714,46.479,MC,Massif Central
50,418,3.697,46.478,MC,Massif Central
50,419,3.674,46.47,MC,Massif Central
50,420,3.658,46.459,MC,Massif Central
50,421,3.643,46.446,MC,Massif Central
50,422,3.631,46.431,MC,Massif Central
50,423,3.625,46.411,MC,Massif Central
50,424,3.645,46.294,MC,Massif Central
50,425,3.642,46.286,MC,Massif Central
50,426,3.638,46.271,MC,Massif Central
50,427,3.635,46.255,MC,Massif Central
50,428,3.618,46.176,MC,Massif Central
50,429,3.594,46.181,MC,Massif Central
50,430,3.569,46.183,MC,Massif Central
50,431,3.555,46.183,MC,Massif Central
50,432,3.54,46.18,MC,Massif Central
50,433,3.528,46.176,MC,Massif Central
50,434,3.482,46.169,MC,Massif Central
50,435,3.476,46.136,MC,Massif Central
50,436,3.474,46.117,MC,Massif Central
50,437,3.476,46.093,MC,Massif Central
50,438,3.486,46.07,MC,Massif Central
50,439,3.498,46.052,MC,Massif Central
50,440,3.525,45.991,MC,Massif Central
50,441,3.528,45.918,MC,Massif Central
50,442,3.529,45.897,MC,Massif Central
50,443,3.53,45.887,MC,Massif Central
50,444,3.532,45.877,MC,Massif Central
50,445,3.543,45.843,MC,Massif Central
50,446,3.552,45.827,MC,Massif Central
50,447,3.567,45.804,MC,Massif Central
50,448,3.604,45.761,MC,Massif Central
50,449,3.576,45.729,MC,Massif Central
50,450,3.527,45.734,MC,Massif Central
50,451,3.521,45.742,MC,Massif Central
50,452,3.514,45.75,MC,Massif Central
50,453,3.504,45.754,MC,Massif Central
50,454,3.491,45.756,MC,Massif Central
50,455,3.478,45.758,MC,Massif Central
50,456,3.469,45.756,MC,Massif Central
50,457,3.457,45.749,MC,Massif Central
50,458,3.392,45.703,MC,Massif Central
50,459,3.378,45.698,MC,Massif Central
50,460,3.367,45.693,MC,Massif Central
50,461,3.353,45.679,MC,Massif Central
50,462,3.35,45.666,MC,Massif Central
50,463,3.333,45.604,MC,Massif Central
50,464,3.321,45.585,MC,Massif Central
50,465,3.319,45.563,MC,Massif Central
50,466,3.323,45.551,MC,Massif Central
50,467,3.339,45.473,MC,Massif Central
50,468,3.331,45.468,MC,Massif Central
50,469,3.326,45.461,MC,Massif Central
50,470,3.322,45.453,MC,Massif Central
50,471,3.321,45.444,MC,Massif Central
50,472,3.321,45.431,MC,Massif Central
50,473,3.326,45.418,MC,Massif Central
50,474,3.286,45.36,MC,Massif Central
50,475,3.246,45.393,MC,Massif Central
50,476,3.226,45.41,MC,Massif Central
50,477,3.202,45.428,MC,Massif Central
50,478,3.178,45.445,MC,Massif Central
50,479,3.148,45.462,MC,Massif Central
50,480,3.113,45.475,MC,Massif Central
50,481,3.076,45.465,MC,Massif Central
50,482,3.065,45.454,MC,Massif Central
50,483,3.019,45.407,MC,Massif Central
50,484,3.006,45.403,MC,Massif Central
50,485,2.996,45.397,MC,Massif Central
50,486,2.987,45.385,MC,Massif Central
50,487,2.983,45.371,MC,Massif Central
50,488,2.985,45.362,MC,Massif Central
50,489,3.018,45.304,MC,Massif Central
50,490,3.028,45.3,MC,Massif Central
50,491,3.04,45.253,MC,Massif Central
50,492,3.022,45.248,MC,Massif Central
50,493,3.008,45.24,MC,Massif Central
50,494,3,45.232,MC,Massif Central
50,495,2.997,45.22,MC,Massif Central
50,496,3.017,45.155,MC,Massif Central
50,497,3.033,45.141,MC,Massif Central
50,498,3.068,45.136,MC,Massif Central
50,499,3.088,45.124,MC,Massif Central
50,500,3.104,45.11,MC,Massif Central
50,501,3.071,45.086,MC,Massif Central
50,502,3.028,45.078,MC,Massif Central
50,503,3.023,45.073,MC,Massif Central
50,504,3.019,45.068,MC,Massif Central
50,505,3.015,45.062,MC,Massif Central
50,506,3.012,45.056,MC,Massif Central
50,507,3.005,45.042,MC,Massif Central
50,508,3.026,44.986,MC,Massif Central
50,509,3.02,44.951,MC,Massif Central
50,510,2.975,44.926,MC,Massif Central
50,511,2.955,44.938,MC,Massif Central
50,512,2.947,44.941,MC,Massif Central
50,513,2.94,44.938,MC,Massif Central
50,514,2.9,44.909,MC,Massif Central
50,515,2.855,44.909,MC,Massif Central
50,516,2.843,44.914,MC,Massif Central
50,517,2.83,44.913,MC,Massif Central
50,518,2.818,44.911,MC,Massif Central
50,519,2.806,44.908,MC,Massif Central
50,520,2.768,44.899,MC,Massif Central
50,521,2.735,44.846,MC,Massif Central
50,522,2.656,44.859,MC,Massif Central
50,523,2.65,44.868,MC,Massif Central
50,524,2.643,44.877,MC,Massif Central
50,525,2.634,44.884,MC,Massif Central
50,526,2.619,44.89,MC,Massif Central
50,527,2.571,44.909,MC,Massif Central
50,528,2.582,44.941,MC,Massif Central
50,529,2.586,44.951,MC,Massif Central
50,530,2.587,44.955,MC,Massif Central
50,531,2.586,44.96,MC,Massif Central
50,532,2.584,44.963,MC,Massif Central
50,533,2.573,44.961,MC,Massif Central
50,534,2.526,44.926,MC,Massif Central
50,535,2.5,44.922,MC,Massif Central
50,536,2.479,44.9,MC,Massif Central
50,537,2.43,44.881,MC,Massif Central
50,538,2.374,44.935,MC,Massif Central
50,539,2.401,44.973,MC,Massif Central
50,540,2.426,44.984,MC,Massif Central
50,541,2.445,44.998,MC,Massif Central
50,542,2.45,45.003,MC,Massif Central
50,543,2.454,45.008,MC,Massif Central
50,544,2.454,45.012,MC,Massif Central
50,545,2.413,45.05,MC,Massif Central
50,546,2.421,45.06,MC,Massif Central
50,547,2.42,45.071,MC,Massif Central
50,548,2.396,45.113,MC,Massif Central
50,549,2.402,45.117,MC,Massif Central
50,550,2.4,45.124,MC,Massif Central
50,551,2.386,45.134,MC,Massif Central
50,552,2.347,45.124,MC,Massif Central
50,553,2.31,45.126,MC,Massif Central
50,554,2.294,45.14,MC,Massif Central
50,555,2.315,45.178,MC,Massif Central
50,556,2.324,45.176,MC,Massif Central
50,557,2.334,45.175,MC,Massif Central
50,558,2.345,45.175,MC,Massif Central
50,559,2.355,45.177,MC,Massif Central
50,560,2.362,45.18,MC,Massif Central
50,561,2.367,45.184,MC,Massif Central
50,562,2.39,45.236,MC,Massif Central
50,563,2.407,45.234,MC,Massif Central
50,564,2.423,45.234,MC,Massif Central
50,565,2.439,45.237,MC,Massif Central
50,566,2.449,45.242,MC,Massif Central
50,567,2.458,45.248,MC,Massif Central
50,568,2.463,45.256,MC,Massif Central
50,569,2.472,45.309,MC,Massif Central
50,570,2.502,45.302,MC,Massif Central
50,571,2.528,45.282,MC,Massif Central
50,572,2.545,45.27,MC,Massif Central
50,573,2.581,45.255,MC,Massif Central
50,574,2.667,45.226,MC,Massif Central
50,575,2.674,45.19,MC,Massif Central
50,576,2.678,45.185,MC,Massif Central
50,577,2.683,45.183,MC,Massif Central
50,578,2.691,45.189,MC,Massif Central
50,579,2.701,45.202,MC,Massif Central
50,580,2.708,45.212,MC,Massif Central
50,581,2.727,45.253,MC,Massif Central
50,582,2.757,45.27,MC,Massif Central
50,583,2.776,45.245,MC,Massif Central
50,584,2.791,45.239,MC,Massif Central
50,585,2.81,45.238,MC,Massif Central
50,586,2.815,45.242,MC,Massif Central
50,587,2.817,45.247,MC,Massif Central
50,588,2.827,45.298,MC,Massif Central
50,589,2.856,45.31,MC,Massif Central
50,590,2.869,45.307,MC,Massif Central
50,591,2.879,45.307,MC,Massif Central
50,592,2.889,45.308,MC,Massif Central
50,593,2.898,45.31,MC,Massif Central
50,594,2.907,45.32,MC,Massif Central
50,595,2.9,45.334,MC,Massif Central
50,596,2.887,45.347,MC,Massif Central
50,597,2.819,45.399,MC,Massif Central
50,598,2.761,45.442,MC,Massif Central
50,599,2.762,45.453,MC,Massif Central
50,600,2.759,45.463,MC,Massif Central
50,601,2.749,45.474,MC,Massif Central
50,602,2.737,45.482,MC,Massif Central
50,603,2.719,45.49,MC,Massif Central
50,604,2.702,45.495,MC,Massif Central
50,605,2.685,45.5,MC,Massif Central
50,606,2.668,45.504,MC,Massif Central
50,607,2.619,45.552,MC,Massif Central
50,608,2.609,45.569,MC,Massif Central
50,609,2.623,45.593,MC,Massif Central
50,610,2.64,45.59,MC,Massif Central
50,611,2.657,45.592,MC,Massif Central
50,612,2.673,45.598,MC,Massif Central
50,613,2.719,45.642,MC,Massif Central
50,614,2.752,45.668,MC,Massif Central
50,615,2.769,45.707,MC,Massif Central
50,616,2.797,45.719,MC,Massif Central
50,617,2.827,45.753,MC,Massif Central
50,618,2.871,45.786,MC,Massif Central
50,619,2.881,45.799,MC,Massif Central
50,620,2.916,45.851,MC,Massif Central
50,621,2.932,45.862,MC,Massif Central
50,622,2.97,45.888,MC,Massif Central
50,623,2.991,45.883,MC,Massif Central
50,624,3.045,45.925,MC,Massif Central
50,625,3.082,45.954,MC,Massif Central
50,626,3.097,46.001,MC,Massif Central
50,627,3.113,46.016,MC,Massif Central
50,628,3.144,46.044,MC,Massif Central
50,629,3.154,46.058,MC,Massif Central
50,630,3.161,46.079,MC,Massif Central
50,631,3.165,46.093,MC,Massif Central
50,632,3.168,46.108,MC,Massif Central
50,633,3.17,46.122,MC,Massif Central
50,634,3.171,46.129,MC,Massif Central
50,635,3.137,46.199,MC,Massif Central
50,636,3.159,46.206,MC,Massif Central
50,637,3.171,46.214,MC,Massif Central
50,638,3.179,46.223,MC,Massif Central
50,639,3.185,46.236,MC,Massif Central
50,640,3.191,46.249,MC,Massif Central
50,641,3.196,46.262,MC,Massif Central
50,642,3.211,46.312,MC,Massif Central
50,643,3.228,46.346,MC,Massif Central
50,644,3.262,46.407,MC,Massif Central
50,645,3.264,46.416,MC,Massif Central
50,646,3.264,46.425,MC,Massif Central
50,647,3.264,46.436,MC,Massif Central
50,648,3.261,46.444,MC,Massif Central
50,649,3.244,46.48,MC,Massif Central
50,650,3.22,46.532,MC,Massif Central
50,651,3.215,46.545,MC,Massif Central
50,652,3.207,46.549,MC,Massif Central
50,653,3.18,46.54,MC,Massif Central
50,654,3.148,46.53,MC,Massif Central
50,655,3.123,46.552,MC,Massif Central
50,656,3.128,46.572,MC,Massif Central
50,657,3.153,46.618,MC,Massif Central
50,658,3.129,46.657,MC,Massif Central
50,659,3.068,46.636,MC,Massif Central
50,660,3.051,46.645,MC,Massif Central
50,661,3.037,46.651,MC,Massif Central
50,662,3.026,46.652,MC,Massif Central
50,663,3.015,46.65,MC,Massif Central
50,664,3.004,46.644,MC,Massif Central
50,665,2.964,46.608,MC,Massif Central
50,666,2.955,46.599,MC,Massif Central
50,667,2.946,46.589,MC,Massif Central
50,668,2.909,46.553,MC,Massif Central
50,669,2.878,46.575,MC,Massif Central
50,670,2.869,46.607,MC,Massif Central
50,671,2.87,46.634,MC,Massif Central
50,672,2.868,46.651,MC,Massif Central
50,673,2.865,46.658,MC,Massif Central
50,674,2.859,46.665,MC,Massif Central
50,675,2.848,46.669,MC,Massif Central
50,676,2.827,46.665,MC,Massif Central
50,677,2.772,46.643,MC,Massif Central
50,678,2.74,46.639,MC,Massif Central
50,679,2.726,46.63,MC,Massif Central
50,680,2.666,46.582,MC,Massif Central
50,681,2.651,46.594,MC,Massif Central
50,682,2.643,46.601,MC,Massif Central
50,683,2.633,46.606,MC,Massif Central
50,684,2.618,46.609,MC,Massif Central
50,685,2.603,46.609,MC,Massif Central
50,686,2.564,46.532,MC,Massif Central
50,687,2.553,46.532,MC,Massif Central
50,688,2.518,46.539,MC,Massif Central
50,689,2.511,46.556,MC,Massif Central
50,690,2.492,46.591,MC,Massif Central
50,691,2.436,46.593,MC,Massif Central
50,692,2.342,46.595,MC,Massif Central
50,693,2.227,46.567,MC,Massif Central
50,694,2.216,46.566,MC,Massif Central
50,695,2.19,46.563,MC,Massif Central
50,696,2.155,46.558,MC,Massif Central
50,697,2.083,46.543,MC,Massif Central
50,698,2.032,46.556,MC,Massif Central
50,699,2.017,46.564,MC,Massif Central
50,700,2,46.571,MC,Massif Central
50,701,1.988,46.573,MC,Massif Central
50,702,1.978,46.572,MC,Massif Central
50,703,1.969,46.572,MC,Massif Central
50,704,1.905,46.567,MC,Massif Central
50,705,1.875,46.577,MC,Massif Central
50,706,1.845,46.582,MC,Massif Central
50,707,1.801,46.593,MC,Massif Central
50,708,1.771,46.588,MC,Massif Central
50,709,1.742,46.58,MC,Massif Central
50,710,1.667,46.546,MC,Massif Central
50,711,1.596,46.548,MC,Massif Central
50,712,1.579,46.55,MC,Massif Central
50,713,1.562,46.549,MC,Massif Central
50,714,1.545,46.546,MC,Massif Central
50,715,1.52,46.539,MC,Massif Central
50,716,1.514,46.535,MC,Massif Central
50,717,1.513,46.528,MC,Massif Central
50,718,1.48,46.48,MC,Massif Central
50,719,1.472,46.437,MC,Massif Central
50,720,1.463,46.396,MC,Massif Central
50,721,1.432,46.387,MC,Massif Central
50,722,1.429,46.4,MC,Massif Central
50,723,1.422,46.42,MC,Massif Central
50,724,1.413,46.439,MC,Massif Central
50,725,1.403,46.452,MC,Massif Central
50,726,1.36,46.498,MC,Massif Central
50,727,1.336,46.496,MC,Massif Central
50,728,1.291,46.497,MC,Massif Central
50,729,1.265,46.491,MC,Massif Central
50,730,1.249,46.482,MC,Massif Central
50,731,1.197,46.443,MC,Massif Central
50,732,1.151,46.439,MC,Massif Central
50,733,1.116,46.388,MC,Massif Central
50,734,1.093,46.39,MC,Massif Central
50,735,1.062,46.379,MC,Massif Central
50,736,1.049,46.385,MC,Massif Central
50,737,1.022,46.384,MC,Massif Central
50,738,0.966,46.381,MC,Massif Central
50,739,0.868,46.386,MC,Massif Central
50,740,0.858,46.384,MC,Massif Central
50,741,0.849,46.381,MC,Massif Central
50,742,0.841,46.377,MC,Massif Central
50,743,0.789,46.351,MC,Massif Central
50,744,0.78,46.358,MC,Massif Central
50,745,0.769,46.364,MC,Massif Central
50,746,0.753,46.368,MC,Massif Central
50,747,0.734,46.369,MC,Massif Central
50,748,0.716,46.367,MC,Massif Central
50,749,0.704,46.365,MC,Massif Central
50,750,0.691,46.363,MC,Massif Central
50,751,0.681,46.358,MC,Massif Central
50,752,0.636,46.337,MC,Massif Central
50,753,0.623,46.339,MC,Massif Central
50,754,0.608,46.298,MC,Massif Central
50,755,0.68,46.251,MC,Massif Central
50,756,0.708,46.213,MC,Massif Central
50,757,0.672,46.189,MC,Massif Central
50,758,0.629,46.199,MC,Massif Central
50,759,0.57,46.163,MC,Massif Central
50,760,0.532,46.182,MC,Massif Central
50,761,0.525,46.111,MC,Massif Central
50,762,0.526,46.098,MC,Massif Central
50,763,0.53,46.071,MC,Massif Central
50,764,0.55,46.016,MC,Massif Central
50,765,0.54,46.007,MC,Massif Central
50,766,0.575,45.954,MC,Massif Central
50,767,0.56,45.907,MC,Massif Central
50,768,0.541,45.89,MC,Massif Central
50,769,0.515,45.857,MC,Massif Central
50,770,0.47,45.848,MC,Massif Central
50,771,0.462,45.85,MC,Massif Central
50,772,0.454,45.85,MC,Massif Central
50,773,0.462,45.838,MC,Massif Central
50,774,0.494,45.796,MC,Massif Central
50,775,0.479,45.782,MC,Massif Central
50,776,0.466,45.728,MC,Massif Central
50,777,0.515,45.685,MC,Massif Central
50,778,0.512,45.661,MC,Massif Central
50,779,0.554,45.611,MC,Massif Central
50,780,0.558,45.595,MC,Massif Central
50,781,0.566,45.581,MC,Massif Central
50,782,0.592,45.544,MC,Massif Central
50,783,0.602,45.541,MC,Massif Central
50,784,0.612,45.538,MC,Massif Central
50,785,0.622,45.535,MC,Massif Central
50,786,0.632,45.532,MC,Massif Central
50,787,0.642,45.53,MC,Massif Central
50,788,0.652,45.528,MC,Massif Central
50,789,0.679,45.515,MC,Massif Central
50,790,0.697,45.508,MC,Massif Central
50,791,0.736,45.498,MC,Massif Central
50,792,0.755,45.476,MC,Massif Central
50,793,0.772,45.468,MC,Massif Central
50,794,0.816,45.455,MC,Massif Central
50,795,0.823,45.434,MC,Massif Central
50,796,0.833,45.425,MC,Massif Central
50,797,0.877,45.408,MC,Massif Central
50,798,0.899,45.398,MC,Massif Central
50,799,0.923,45.39,MC,Massif Central
50,800,0.977,45.376,MC,Massif Central
50,801,1.021,45.343,MC,Massif Central
50,802,1.036,45.319,MC,Massif Central
50,803,1.052,45.304,MC,Massif Central
50,804,1.111,45.274,MC,Massif Central
50,805,1.111,45.261,MC,Massif Central
50,806,1.123,45.214,MC,Massif Central
50,807,1.117,45.206,MC,Massif Central
50,808,1.117,45.197,MC,Massif Central
50,809,1.121,45.185,MC,Massif Central
50,810,1.127,45.178,MC,Massif Central
50,811,1.136,45.173,MC,Massif Central
50,812,1.152,45.167,MC,Massif Central
50,813,1.205,45.155,MC,Massif Central
50,814,1.237,45.141,MC,Massif Central
50,815,1.266,45.137,MC,Massif Central
50,816,1.284,45.138,MC,Massif Central
50,817,1.357,45.14,MC,Massif Central
50,818,1.373,45.131,MC,Massif Central
50,819,1.39,45.124,MC,Massif Central
50,820,1.408,45.122,MC,Massif Central
50,821,1.423,45.124,MC,Massif Central
50,822,1.437,45.127,MC,Massif Central
50,823,1.514,45.193,MC,Massif Central
50,824,1.545,45.154,MC,Massif Central
50,825,1.541,45.103,MC,Massif Central
50,826,1.556,45.09,MC,Massif Central
50,827,1.582,45.08,MC,Massif Central
50,828,1.618,45.071,MC,Massif Central
50,829,1.698,45.062,MC,Massif Central
50,830,1.745,45.038,MC,Massif Central
50,831,1.751,45.033,MC,Massif Central
50,832,1.763,45.029,MC,Massif Central
50,833,1.818,45.017,MC,Massif Central
50,834,1.839,44.979,MC,Massif Central
50,835,1.868,44.92,MC,Massif Central
50,836,1.873,44.831,MC,Massif Central
50,837,1.841,44.83,MC,Massif Central
50,838,1.846,44.809,MC,Massif Central
50,839,1.852,44.788,MC,Massif Central
50,840,1.86,44.768,MC,Massif Central
50,841,1.876,44.746,MC,Massif Central
50,842,1.936,44.712,MC,Massif Central
50,843,1.967,44.685,MC,Massif Central
50,844,1.992,44.67,MC,Massif Central
50,845,2.065,44.604,MC,Massif Central
50,846,2.068,44.57,MC,Massif Central
50,847,2.073,44.55,MC,Massif Central
50,848,2.089,44.511,MC,Massif Central
50,849,2.09,44.492,MC,Massif Central
50,850,2.14,44.489,MC,Massif Central
50,851,2.145,44.484,MC,Massif Central
50,852,2.152,44.481,MC,Massif Central
50,853,2.181,44.449,MC,Massif Central
50,854,2.178,44.43,MC,Massif Central
50,855,2.151,44.384,MC,Massif Central
50,856,2.117,44.386,MC,Massif Central
50,857,2.086,44.399,MC,Massif Central
50,858,2.064,44.444,MC,Massif Central
50,859,2.036,44.393,MC,Massif Central
50,860,2.024,44.352,MC,Massif Central
50,861,2.015,44.354,MC,Massif Central
50,862,2.036,44.294,MC,Massif Central
50,863,1.977,44.285,MC,Massif Central
50,864,1.94,44.216,MC,Massif Central
50,865,1.911,44.165,MC,Massif Central
50,866,1.893,44.14,MC,Massif Central
50,867,1.879,44.118,MC,Massif Central
50,868,1.934,44.122,MC,Massif Central
50,869,1.982,44.125,MC,Massif Central
50,870,1.994,44.115,MC,Massif Central
50,871,2.008,44.107,MC,Massif Central
50,872,2.026,44.1,MC,Massif Central
50,873,2.044,44.097,MC,Massif Central
50,874,2.095,44.083,MC,Massif Central
50,875,2.139,44.056,MC,Massif Central
50,876,2.157,44.049,MC,Massif Central
50,877,2.229,44.023,MC,Massif Central
50,878,2.239,43.987,MC,Massif Central
50,879,2.21,43.98,MC,Massif Central
50,880,2.198,43.977,MC,Massif Central
50,881,2.192,43.973,MC,Massif Central
50,882,2.188,43.967,MC,Massif Central
50,883,2.19,43.959,MC,Massif Central
50,884,2.201,43.949,MC,Massif Central
50,885,2.237,43.923,MC,Massif Central
50,886,2.242,43.887,MC,Massif Central
50,887,2.239,43.883,MC,Massif Central
50,888,2.24,43.877,MC,Massif Central
50,889,2.246,43.83,MC,Massif Central
50,890,2.232,43.817,MC,Massif Central
50,891,2.22,43.803,MC,Massif Central
50,892,2.21,43.786,MC,Massif Central
50,893,2.213,43.754,MC,Massif Central
50,894,2.218,43.738,MC,Massif Central
50,895,2.259,43.706,MC,Massif Central
50,896,2.252,43.696,MC,Massif Central
50,897,2.246,43.686,MC,Massif Central
50,898,2.24,43.664,MC,Massif Central
50,899,2.246,43.645,MC,Massif Central
50,900,2.298,43.59,MC,Massif Central
50,901,2.302,43.577,MC,Massif Central
50,902,2.318,43.555,MC,Massif Central
50,903,2.316,43.504,MC,Massif Central
50,904,2.289,43.51,MC,Massif Central
50,905,2.276,43.516,MC,Massif Central
50,906,2.265,43.521,MC,Massif Central
50,907,2.249,43.523,MC,Massif Central
50,908,2.227,43.519,MC,Massif Central
50,909,2.204,43.508,MC,Massif Central
50,910,2.191,43.497,MC,Massif Central
50,911,2.148,43.46,MC,Massif Central
50,912,2.113,43.44,MC,Massif Central
50,913,2.081,43.424,MC,Massif Central
50,914,2.037,43.408,MC,Massif Central
50,915,1.973,43.395,MC,Massif Central
50,916,2.021,43.353,MC,Massif Central
50,917,2.076,43.324,MC,Massif Central
50,918,2.158,43.324,MC,Massif Central
50,919,2.17,43.321,MC,Massif Central
50,920,2.185,43.323,MC,Massif Central
50,921,2.255,43.335,MC,Massif Central
50,922,2.269,43.332,MC,Massif Central
50,923,2.325,43.325,MC,Massif Central
50,924,2.346,43.321,MC,Massif Central
60,0,-0.691,46.447,AM,Armorican Massif
60,1,-0.67,46.454,AM,Armorican Massif
60,2,-0.65,46.463,AM,Armorican Massif
60,3,-0.632,46.472,AM,Armorican Massif
60,4,-0.534,46.496,AM,Armorican Massif
60,5,-0.471,46.453,AM,Armorican Massif
60,6,-0.353,46.47,AM,Armorican Massif
60,7,-0.332,46.462,AM,Armorican Massif
60,8,-0.321,46.461,AM,Armorican Massif
60,9,-0.309,46.462,AM,Armorican Massif
60,10,-0.297,46.465,AM,Armorican Massif
60,11,-0.296,46.469,AM,Armorican Massif
60,12,-0.263,46.566,AM,Armorican Massif
60,13,-0.213,46.576,AM,Armorican Massif
60,14,-0.147,46.557,AM,Armorican Massif
60,15,-0.135,46.546,AM,Armorican Massif
60,16,-0.12,46.537,AM,Armorican Massif
60,17,-0.102,46.532,AM,Armorican Massif
60,18,-0.08,46.529,AM,Armorican Massif
60,19,-0.066,46.53,AM,Armorican Massif
60,20,-0.054,46.534,AM,Armorican Massif
60,21,-0.17,46.706,AM,Armorican Massif
60,22,-0.17,46.714,AM,Armorican Massif
60,23,-0.186,46.773,AM,Armorican Massif
60,24,-0.187,46.781,AM,Armorican Massif
60,25,-0.192,46.788,AM,Armorican Massif
60,26,-0.245,46.855,AM,Armorican Massif
60,27,-0.249,46.866,AM,Armorican Massif
60,28,-0.254,46.876,AM,Armorican Massif
60,29,-0.26,46.886,AM,Armorican Massif
60,30,-0.31,46.959,AM,Armorican Massif
60,31,-0.306,46.97,AM,Armorican Massif
60,32,-0.303,46.981,AM,Armorican Massif
60,33,-0.303,46.994,AM,Armorican Massif
60,34,-0.32,47.064,AM,Armorican Massif
60,35,-0.332,47.075,AM,Armorican Massif
60,36,-0.38,47.105,AM,Armorican Massif
60,37,-0.447,47.141,AM,Armorican Massif
60,38,-0.443,47.226,AM,Armorican Massif
60,39,-0.393,47.208,AM,Armorican Massif
60,40,-0.342,47.192,AM,Armorican Massif
60,41,-0.311,47.186,AM,Armorican Massif
60,42,-0.311,47.199,AM,Armorican Massif
60,43,-0.311,47.212,AM,Armorican Massif
60,44,-0.315,47.222,AM,Armorican Massif
60,45,-0.391,47.261,AM,Armorican Massif
60,46,-0.49,47.285,AM,Armorican Massif
60,47,-0.464,47.333,AM,Armorican Massif
60,48,-0.458,47.343,AM,Armorican Massif
60,49,-0.463,47.393,AM,Armorican Massif
60,50,-0.472,47.407,AM,Armorican Massif
60,51,-0.487,47.418,AM,Armorican Massif
60,52,-0.528,47.492,AM,Armorican Massif
60,53,-0.53,47.517,AM,Armorican Massif
60,54,-0.537,47.551,AM,Armorican Massif
60,55,-0.562,47.601,AM,Armorican Massif
60,56,-0.54,47.637,AM,Armorican Massif
60,57,-0.529,47.641,AM,Armorican Massif
60,58,-0.518,47.646,AM,Armorican Massif
60,59,-0.508,47.654,AM,Armorican Massif
60,60,-0.502,47.665,AM,Armorican Massif
60,61,-0.479,47.751,AM,Armorican Massif
60,62,-0.397,47.758,AM,Armorican Massif
60,63,-0.373,47.753,AM,Armorican Massif
60,64,-0.346,47.753,AM,Armorican Massif
60,65,-0.34,47.766,AM,Armorican Massif
60,66,-0.317,47.829,AM,Armorican Massif
60,67,-0.302,47.83,AM,Armorican Massif
60,68,-0.287,47.832,AM,Armorican Massif
60,69,-0.272,47.839,AM,Armorican Massif
60,70,-0.237,47.866,AM,Armorican Massif
60,71,-0.236,47.874,AM,Armorican Massif
60,72,-0.244,47.89,AM,Armorican Massif
60,73,-0.27,47.953,AM,Armorican Massif
60,74,-0.239,47.981,AM,Armorican Massif
60,75,-0.183,47.979,AM,Armorican Massif
60,76,-0.162,47.978,AM,Armorican Massif
60,77,-0.148,47.98,AM,Armorican Massif
60,78,-0.135,47.996,AM,Armorican Massif
60,79,-0.092,48.059,AM,Armorican Massif
60,80,-0.065,48.114,AM,Armorican Massif
60,81,-0.037,48.125,AM,Armorican Massif
60,82,0.007,48.178,AM,Armorican Massif
60,83,0.024,48.18,AM,Armorican Massif
60,84,0.038,48.186,AM,Armorican Massif
60,85,0.092,48.219,AM,Armorican Massif
60,86,0.138,48.267,AM,Armorican Massif
60,87,0.159,48.289,AM,Armorican Massif
60,88,0.199,48.345,AM,Armorican Massif
60,89,0.24,48.328,AM,Armorican Massif
60,90,0.258,48.322,AM,Armorican Massif
60,91,0.268,48.322,AM,Armorican Massif
60,92,0.278,48.325,AM,Armorican Massif
60,93,0.297,48.335,AM,Armorican Massif
60,94,0.314,48.345,AM,Armorican Massif
60,95,0.337,48.359,AM,Armorican Massif
60,96,0.353,48.369,AM,Armorican Massif
60,97,0.365,48.378,AM,Armorican Massif
60,98,0.386,48.397,AM,Armorican Massif
60,99,0.393,48.407,AM,Armorican Massif
60,100,0.391,48.42,AM,Armorican Massif
60,101,0.384,48.426,AM,Armorican Massif
60,102,0.353,48.442,AM,Armorican Massif
60,103,0.342,48.447,AM,Armorican Massif
60,104,0.251,48.401,AM,Armorican Massif
60,105,0.235,48.392,AM,Armorican Massif
60,106,0.168,48.371,AM,Armorican Massif
60,107,0.096,48.381,AM,Armorican Massif
60,108,0.086,48.415,AM,Armorican Massif
60,109,0.084,48.47,AM,Armorican Massif
60,110,0.109,48.472,AM,Armorican Massif
60,111,0.132,48.476,AM,Armorican Massif
60,112,0.16,48.486,AM,Armorican Massif
60,113,0.185,48.499,AM,Armorican Massif
60,114,0.206,48.514,AM,Armorican Massif
60,115,0.216,48.521,AM,Armorican Massif
60,116,0.223,48.53,AM,Armorican Massif
60,117,0.222,48.542,AM,Armorican Massif
60,118,0.215,48.548,AM,Armorican Massif
60,119,0.175,48.574,AM,Armorican Massif
60,120,0.165,48.58,AM,Armorican Massif
60,121,0.038,48.644,AM,Armorican Massif
60,122,0.023,48.653,AM,Armorican Massif
60,123,0.015,48.658,AM,Armorican Massif
60,124,-0.05,48.68,AM,Armorican Massif
60,125,-0.064,48.69,AM,Armorican Massif
60,126,-0.072,48.695,AM,Armorican Massif
60,127,-0.081,48.7,AM,Armorican Massif
60,128,-0.091,48.704,AM,Armorican Massif
60,129,-0.159,48.714,AM,Armorican Massif
60,130,-0.139,48.757,AM,Armorican Massif
60,131,-0.129,48.81,AM,Armorican Massif
60,132,-0.07,48.792,AM,Armorican Massif
60,133,-0.02,48.771,AM,Armorican Massif
60,134,0.062,48.791,AM,Armorican Massif
60,135,0.002,48.791,AM,Armorican Massif
60,136,-0.117,48.857,AM,Armorican Massif
60,137,-0.134,48.887,AM,Armorican Massif
60,138,-0.142,48.898,AM,Armorican Massif
60,139,-0.215,48.932,AM,Armorican Massif
60,140,-0.223,48.936,AM,Armorican Massif
60,141,-0.233,48.936,AM,Armorican Massif
60,142,-0.291,48.916,AM,Armorican Massif
60,143,-0.335,48.934,AM,Armorican Massif
60,144,-0.388,48.957,AM,Armorican Massif
60,145,-0.445,49.01,AM,Armorican Massif
60,146,-0.422,49.064,AM,Armorican Massif
60,147,-0.422,49.07,AM,Armorican Massif
60,148,-0.427,49.075,AM,Armorican Massif
60,149,-0.441,49.078,AM,Armorican Massif
60,150,-0.523,49.109,AM,Armorican Massif
60,151,-0.535,49.116,AM,Armorican Massif
60,152,-0.554,49.111,AM,Armorican Massif
60,153,-0.63,49.097,AM,Armorican Massif
60,154,-0.648,49.13,AM,Armorican Massif
60,155,-0.652,49.136,AM,Armorican Massif
60,156,-0.661,49.14,AM,Armorican Massif
60,157,-0.722,49.168,AM,Armorican Massif
60,158,-0.774,49.209,AM,Armorican Massif
60,159,-0.785,49.214,AM,Armorican Massif
60,160,-0.863,49.232,AM,Armorican Massif
60,161,-0.929,49.249,AM,Armorican Massif
60,162,-0.967,49.257,AM,Armorican Massif
60,163,-1.098,49.251,AM,Armorican Massif
60,164,-1.147,49.258,AM,Armorican Massif
60,165,-1.169,49.26,AM,Armorican Massif
60,166,-1.187,49.261,AM,Armorican Massif
60,167,-1.205,49.26,AM,Armorican Massif
60,168,-1.266,49.244,AM,Armorican Massif
60,169,-1.352,49.217,AM,Armorican Massif
60,170,-1.372,49.26,AM,Armorican Massif
60,171,-1.391,49.322,AM,Armorican Massif
60,172,-1.394,49.342,AM,Armorican Massif
60,173,-1.399,49.352,AM,Armorican Massif
60,174,-1.398,49.415,AM,Armorican Massif
60,175,-1.388,49.426,AM,Armorican Massif
60,176,-1.386,49.432,AM,Armorican Massif
60,177,-1.386,49.438,AM,Armorican Massif
60,178,-1.388,49.444,AM,Armorican Massif
60,179,-1.396,49.447,AM,Armorican Massif
60,180,-1.416,49.45,AM,Armorican Massif
60,181,-1.435,49.452,AM,Armorican Massif
60,182,-1.494,49.438,AM,Armorican Massif
60,183,-1.525,49.505,AM,Armorican Massif
60,184,-1.508,49.521,AM,Armorican Massif
60,185,-1.493,49.538,AM,Armorican Massif
60,186,-1.457,49.592,AM,Armorican Massif
60,187,-1.409,49.59,AM,Armorican Massif
60,188,-1.347,49.575,AM,Armorican Massif
60,189,-1.302,49.563,AM,Armorican Massif
60,190,-1.266,49.57,AM,Armorican Massif
60,191,-1.227,49.605,AM,Armorican Massif
60,192,-1.219,49.64,AM,Armorican Massif
60,193,-1.222,49.659,AM,Armorican Massif
60,194,-1.229,49.701,AM,Armorican Massif
60,195,-1.237,49.721,AM,Armorican Massif
60,196,-1.246,49.735,AM,Armorican Massif
60,197,-1.325,49.76,AM,Armorican Massif
60,198,-1.356,49.768,AM,Armorican Massif
60,199,-1.388,49.767,AM,Armorican Massif
60,200,-1.451,49.764,AM,Armorican Massif
60,201,-1.528,49.765,AM,Armorican Massif
60,202,-1.602,49.748,AM,Armorican Massif
60,203,-1.724,49.742,AM,Armorican Massif
60,204,-1.773,49.798,AM,Armorican Massif
60,205,-1.817,49.801,AM,Armorican Massif
60,206,-1.924,49.769,AM,Armorican Massif
60,207,-1.958,49.761,AM,Armorican Massif
60,208,-2.044,49.75,AM,Armorican Massif
60,209,-2.12,49.773,AM,Armorican Massif
60,210,-2.143,49.778,AM,Armorican Massif
60,211,-2.167,49.781,AM,Armorican Massif
60,212,-2.202,49.763,AM,Armorican Massif
60,213,-2.226,49.788,AM,Armorican Massif
60,214,-2.272,49.784,AM,Armorican Massif
60,215,-2.31,49.779,AM,Armorican Massif
60,216,-2.347,49.773,AM,Armorican Massif
60,217,-2.435,49.749,AM,Armorican Massif
60,218,-2.435,49.749,AM,Armorican Massif
60,219,-2.441,49.735,AM,Armorican Massif
60,220,-2.444,49.721,AM,Armorican Massif
60,221,-2.486,49.594,AM,Armorican Massif
60,222,-2.539,49.584,AM,Armorican Massif
60,223,-2.566,49.578,AM,Armorican Massif
60,224,-2.592,49.571,AM,Armorican Massif
60,225,-2.641,49.555,AM,Armorican Massif
60,226,-2.691,49.538,AM,Armorican Massif
60,227,-2.713,49.528,AM,Armorican Massif
60,228,-2.722,49.522,AM,Armorican Massif
60,229,-2.73,49.514,AM,Armorican Massif
60,230,-2.736,49.507,AM,Armorican Massif
60,231,-2.74,49.499,AM,Armorican Massif
60,232,-2.741,49.491,AM,Armorican Massif
60,233,-2.741,49.483,AM,Armorican Massif
60,234,-2.735,49.467,AM,Armorican Massif
60,235,-2.73,49.46,AM,Armorican Massif
60,236,-2.725,49.457,AM,Armorican Massif
60,237,-2.71,49.448,AM,Armorican Massif
60,238,-2.674,49.429,AM,Armorican Massif
60,239,-2.658,49.421,AM,Armorican Massif
60,240,-2.642,49.415,AM,Armorican Massif
60,241,-2.62,49.407,AM,Armorican Massif
60,242,-2.596,49.402,AM,Armorican Massif
60,243,-2.553,49.394,AM,Armorican Massif
60,244,-2.525,49.39,AM,Armorican Massif
60,245,-2.497,49.387,AM,Armorican Massif
60,246,-2.468,49.385,AM,Armorican Massif
60,247,-2.439,49.388,AM,Armorican Massif
60,248,-2.411,49.395,AM,Armorican Massif
60,249,-2.334,49.413,AM,Armorican Massif
60,250,-2.284,49.401,AM,Armorican Massif
60,251,-2.299,49.332,AM,Armorican Massif
60,252,-2.302,49.326,AM,Armorican Massif
60,253,-2.309,49.262,AM,Armorican Massif
60,254,-2.318,49.255,AM,Armorican Massif
60,255,-2.323,49.246,AM,Armorican Massif
60,256,-2.323,49.237,AM,Armorican Massif
60,257,-2.319,49.23,AM,Armorican Massif
60,258,-2.312,49.223,AM,Armorican Massif
60,259,-2.266,49.185,AM,Armorican Massif
60,260,-2.289,49.159,AM,Armorican Massif
60,261,-2.306,49.155,AM,Armorican Massif
60,262,-2.322,49.149,AM,Armorican Massif
60,263,-2.336,49.141,AM,Armorican Massif
60,264,-2.347,49.131,AM,Armorican Massif
60,265,-2.355,49.12,AM,Armorican Massif
60,266,-2.359,49.108,AM,Armorican Massif
60,267,-2.358,49.096,AM,Armorican Massif
60,268,-2.353,49.084,AM,Armorican Massif
60,269,-2.318,48.976,AM,Armorican Massif
60,270,-2.322,48.961,AM,Armorican Massif
60,271,-2.323,48.946,AM,Armorican Massif
60,272,-2.336,48.87,AM,Armorican Massif
60,273,-2.424,48.845,AM,Armorican Massif
60,274,-2.542,48.863,AM,Armorican Massif
60,275,-2.583,48.881,AM,Armorican Massif
60,276,-2.684,48.968,AM,Armorican Massif
60,277,-2.682,48.976,AM,Armorican Massif
60,278,-2.683,48.983,AM,Armorican Massif
60,279,-2.689,48.99,AM,Armorican Massif
60,280,-2.697,48.995,AM,Armorican Massif
60,281,-2.77,49.018,AM,Armorican Massif
60,282,-2.759,49.081,AM,Armorican Massif
60,283,-2.741,49.094,AM,Armorican Massif
60,284,-2.726,49.109,AM,Armorican Massif
60,285,-2.721,49.117,AM,Armorican Massif
60,286,-2.717,49.126,AM,Armorican Massif
60,287,-2.718,49.135,AM,Armorican Massif
60,288,-2.723,49.143,AM,Armorican Massif
60,289,-2.734,49.149,AM,Armorican Massif
60,290,-2.747,49.151,AM,Armorican Massif
60,291,-2.774,49.149,AM,Armorican Massif
60,292,-2.802,49.147,AM,Armorican Massif
60,293,-2.829,49.143,AM,Armorican Massif
60,294,-2.841,49.14,AM,Armorican Massif
60,295,-2.852,49.135,AM,Armorican Massif
60,296,-2.871,49.123,AM,Armorican Massif
60,297,-2.993,49.053,AM,Armorican Massif
60,298,-3.108,49.034,AM,Armorican Massif
60,299,-3.121,49.033,AM,Armorican Massif
60,300,-3.134,49.031,AM,Armorican Massif
60,301,-3.146,49.026,AM,Armorican Massif
60,302,-3.168,49.015,AM,Armorican Massif
60,303,-3.187,49.003,AM,Armorican Massif
60,304,-3.264,48.937,AM,Armorican Massif
60,305,-3.331,48.934,AM,Armorican Massif
60,306,-3.393,48.951,AM,Armorican Massif
60,307,-3.406,48.953,AM,Armorican Massif
60,308,-3.419,48.954,AM,Armorican Massif
60,309,-3.446,48.952,AM,Armorican Massif
60,310,-3.472,48.948,AM,Armorican Massif
60,311,-3.498,48.942,AM,Armorican Massif
60,312,-3.523,48.934,AM,Armorican Massif
60,313,-3.546,48.926,AM,Armorican Massif
60,314,-3.642,48.893,AM,Armorican Massif
60,315,-3.706,48.905,AM,Armorican Massif
60,316,-3.719,48.907,AM,Armorican Massif
60,317,-3.732,48.908,AM,Armorican Massif
60,318,-3.746,48.906,AM,Armorican Massif
60,319,-3.772,48.9,AM,Armorican Massif
60,320,-3.796,48.892,AM,Armorican Massif
60,321,-3.841,48.871,AM,Armorican Massif
60,322,-3.924,48.826,AM,Armorican Massif
60,323,-4.011,48.785,AM,Armorican Massif
60,324,-4.114,48.768,AM,Armorican Massif
60,325,-4.168,48.762,AM,Armorican Massif
60,326,-4.266,48.749,AM,Armorican Massif
60,327,-4.363,48.74,AM,Armorican Massif
60,328,-4.415,48.737,AM,Armorican Massif
60,329,-4.469,48.732,AM,Armorican Massif
60,330,-4.521,48.722,AM,Armorican Massif
60,331,-4.572,48.711,AM,Armorican Massif
60,332,-4.67,48.683,AM,Armorican Massif
60,333,-4.718,48.666,AM,Armorican Massif
60,334,-4.764,48.645,AM,Armorican Massif
60,335,-4.787,48.632,AM,Armorican Massif
60,336,-4.808,48.619,AM,Armorican Massif
60,337,-4.85,48.587,AM,Armorican Massif
60,338,-4.916,48.521,AM,Armorican Massif
60,339,-4.971,48.508,AM,Armorican Massif
60,340,-4.985,48.519,AM,Armorican Massif
60,341,-5.002,48.527,AM,Armorican Massif
60,342,-5.022,48.533,AM,Armorican Massif
60,343,-5.043,48.535,AM,Armorican Massif
60,344,-5.064,48.534,AM,Armorican Massif
60,345,-5.085,48.531,AM,Armorican Massif
60,346,-5.105,48.526,AM,Armorican Massif
60,347,-5.124,48.518,AM,Armorican Massif
60,348,-5.141,48.51,AM,Armorican Massif
60,349,-5.156,48.5,AM,Armorican Massif
60,350,-5.197,48.451,AM,Armorican Massif
60,351,-5.25,48.422,AM,Armorican Massif
60,352,-5.33,48.41,AM,Armorican Massif
60,353,-5.356,48.404,AM,Armorican Massif
60,354,-5.367,48.399,AM,Armorican Massif
60,355,-5.378,48.393,AM,Armorican Massif
60,356,-5.396,48.379,AM,Armorican Massif
60,357,-5.409,48.363,AM,Armorican Massif
60,358,-5.415,48.355,AM,Armorican Massif
60,359,-5.418,48.345,AM,Armorican Massif
60,360,-5.417,48.341,AM,Armorican Massif
60,361,-5.413,48.337,AM,Armorican Massif
60,362,-5.408,48.334,AM,Armorican Massif
60,363,-5.237,48.221,AM,Armorican Massif
60,364,-5.278,48.108,AM,Armorican Massif
60,365,-5.35,48.097,AM,Armorican Massif
60,366,-5.37,48.093,AM,Armorican Massif
60,367,-5.388,48.087,AM,Armorican Massif
60,368,-5.404,48.079,AM,Armorican Massif
60,369,-5.417,48.068,AM,Armorican Massif
60,370,-5.518,47.995,AM,Armorican Massif
60,371,-5.523,47.985,AM,Armorican Massif
60,372,-5.526,47.975,AM,Armorican Massif
60,373,-5.524,47.965,AM,Armorican Massif
60,374,-5.516,47.957,AM,Armorican Massif
60,375,-5.504,47.95,AM,Armorican Massif
60,376,-5.49,47.947,AM,Armorican Massif
60,377,-5.475,47.945,AM,Armorican Massif
60,378,-5.46,47.944,AM,Armorican Massif
60,379,-5.314,47.904,AM,Armorican Massif
60,380,-5.315,47.89,AM,Armorican Massif
60,381,-5.312,47.875,AM,Armorican Massif
60,382,-5.306,47.861,AM,Armorican Massif
60,383,-5.299,47.848,AM,Armorican Massif
60,384,-5.289,47.835,AM,Armorican Massif
60,385,-5.277,47.824,AM,Armorican Massif
60,386,-5.263,47.813,AM,Armorican Massif
60,387,-5.23,47.795,AM,Armorican Massif
60,388,-5.195,47.779,AM,Armorican Massif
60,389,-4.995,47.778,AM,Armorican Massif
60,390,-4.81,47.726,AM,Armorican Massif
60,391,-4.616,47.729,AM,Armorican Massif
60,392,-4.464,47.719,AM,Armorican Massif
60,393,-4.34,47.677,AM,Armorican Massif
60,394,-4.321,47.661,AM,Armorican Massif
60,395,-4.177,47.672,AM,Armorican Massif
60,396,-4.044,47.619,AM,Armorican Massif
60,397,-4.02,47.611,AM,Armorican Massif
60,398,-3.994,47.604,AM,Armorican Massif
60,399,-3.967,47.599,AM,Armorican Massif
60,400,-3.952,47.598,AM,Armorican Massif
60,401,-3.938,47.599,AM,Armorican Massif
60,402,-3.924,47.601,AM,Armorican Massif
60,403,-3.738,47.614,AM,Armorican Massif
60,404,-3.632,47.594,AM,Armorican Massif
60,405,-3.605,47.577,AM,Armorican Massif
60,406,-3.578,47.559,AM,Armorican Massif
60,407,-3.562,47.552,AM,Armorican Massif
60,408,-3.545,47.547,AM,Armorican Massif
60,409,-3.527,47.544,AM,Armorican Massif
60,410,-3.458,47.448,AM,Armorican Massif
60,411,-3.472,47.435,AM,Armorican Massif
60,412,-3.482,47.42,AM,Armorican Massif
60,413,-3.495,47.389,AM,Armorican Massif
60,414,-3.458,47.352,AM,Armorican Massif
60,415,-3.39,47.29,AM,Armorican Massif
60,416,-3.26,47.238,AM,Armorican Massif
60,417,-3.241,47.231,AM,Armorican Massif
60,418,-3.2,47.22,AM,Armorican Massif
60,419,-3.157,47.212,AM,Armorican Massif
60,420,-3.113,47.208,AM,Armorican Massif
60,421,-3.006,47.204,AM,Armorican Massif
60,422,-2.918,47.166,AM,Armorican Massif
60,423,-2.827,47.279,AM,Armorican Massif
60,424,-2.783,47.256,AM,Armorican Massif
60,425,-2.662,47.26,AM,Armorican Massif
60,426,-2.595,47.213,AM,Armorican Massif
60,427,-2.581,47.205,AM,Armorican Massif
60,428,-2.565,47.197,AM,Armorican Massif
60,429,-2.556,47.194,AM,Armorican Massif
60,430,-2.547,47.192,AM,Armorican Massif
60,431,-2.457,47.19,AM,Armorican Massif
60,432,-2.378,47.162,AM,Armorican Massif
60,433,-2.335,47.085,AM,Armorican Massif
60,434,-2.374,47.051,AM,Armorican Massif
60,435,-2.38,47.04,AM,Armorican Massif
60,436,-2.383,47.029,AM,Armorican Massif
60,437,-2.385,47.007,AM,Armorican Massif
60,438,-2.319,46.978,AM,Armorican Massif
60,439,-2.251,46.965,AM,Armorican Massif
60,440,-2.212,46.931,AM,Armorican Massif
60,441,-2.205,46.924,AM,Armorican Massif
60,442,-2.161,46.867,AM,Armorican Massif
60,443,-2.158,46.845,AM,Armorican Massif
60,444,-2.149,46.818,AM,Armorican Massif
60,445,-2.138,46.805,AM,Armorican Massif
60,446,-2.078,46.777,AM,Armorican Massif
60,447,-1.99,46.71,AM,Armorican Massif
60,448,-1.895,46.641,AM,Armorican Massif
60,449,-1.858,46.585,AM,Armorican Massif
60,450,-1.815,46.6,AM,Armorican Massif
60,451,-1.762,46.574,AM,Armorican Massif
60,452,-1.783,46.488,AM,Armorican Massif
60,453,-1.795,46.492,AM,Armorican Massif
60,454,-1.817,46.498,AM,Armorican Massif
60,455,-1.813,46.477,AM,Armorican Massif
60,456,-1.709,46.455,AM,Armorican Massif
60,457,-1.622,46.474,AM,Armorican Massif
60,458,-1.601,46.473,AM,Armorican Massif
60,459,-1.562,46.472,AM,Armorican Massif
60,460,-1.515,46.467,AM,Armorican Massif
60,461,-1.469,46.461,AM,Armorican Massif
60,462,-1.455,46.464,AM,Armorican Massif
60,463,-1.445,46.468,AM,Armorican Massif
60,464,-1.435,46.473,AM,Armorican Massif
60,465,-1.425,46.48,AM,Armorican Massif
60,466,-1.387,46.507,AM,Armorican Massif
60,467,-1.316,46.539,AM,Armorican Massif
60,468,-1.277,46.546,AM,Armorican Massif
60,469,-1.24,46.555,AM,Armorican Massif
60,470,-1.139,46.586,AM,Armorican Massif
60,471,-1.12,46.591,AM,Armorican Massif
60,472,-1.037,46.61,AM,Armorican Massif
60,473,-1.004,46.573,AM,Armorican Massif
60,474,-0.993,46.57,AM,Armorican Massif
60,475,-0.898,46.563,AM,Armorican Massif
60,476,-0.884,46.511,AM,Armorican Massif
60,477,-0.896,46.507,AM,Armorican Massif
60,478,-0.854,46.475,AM,Armorican Massif
60,479,-0.832,46.466,AM,Armorican Massif
60,480,-0.817,46.47,AM,Armorican Massif
60,481,-0.752,46.493,AM,Armorican Massif
60,482,-0.729,46.474,AM,Armorican Massif
60,483,-0.703,46.454,AM,Armorican Massif
60,484,-0.691,46.447,AM,Austroalpine nappes
70,0,9.776,46.146,AAN,Austroalpine nappes
70,1,9.835,46.148,AAN,Austroalpine nappes
70,2,9.931,46.154,AAN,Austroalpine nappes
70,3,9.969,46.156,AAN,Austroalpine nappes
70,4,10.041,46.154,AAN,Austroalpine nappes
70,5,10.091,46.162,AAN,Austroalpine nappes
70,6,10.178,46.182,AAN,Austroalpine nappes
70,7,10.237,46.186,AAN,Austroalpine nappes
70,8,10.293,46.198,AAN,Austroalpine nappes
70,9,10.369,46.224,AAN,Austroalpine nappes
70,10,10.471,46.253,AAN,Austroalpine nappes
70,11,10.544,46.261,AAN,Austroalpine nappes
70,12,10.588,46.263,AAN,Austroalpine nappes
70,13,10.611,46.266,AAN,Austroalpine nappes
70,14,10.657,46.272,AAN,Austroalpine nappes
70,15,10.751,46.286,AAN,Austroalpine nappes
70,16,10.795,46.29,AAN,Austroalpine nappes
70,17,10.833,46.297,AAN,Austroalpine nappes
70,18,10.857,46.302,AAN,Austroalpine nappes
70,19,10.872,46.307,AAN,Austroalpine nappes
70,20,10.949,46.369,AAN,Austroalpine nappes
70,21,10.97,46.386,AAN,Austroalpine nappes
70,22,10.985,46.407,AAN,Austroalpine nappes
70,23,11.032,46.522,AAN,Austroalpine nappes
70,24,11.049,46.558,AAN,Austroalpine nappes
70,25,11.071,46.59,AAN,Austroalpine nappes
70,26,11.131,46.639,AAN,Austroalpine nappes
70,27,11.218,46.694,AAN,Austroalpine nappes
70,28,11.324,46.74,AAN,Austroalpine nappes
70,29,11.361,46.749,AAN,Austroalpine nappes
70,30,11.379,46.753,AAN,Austroalpine nappes
70,31,11.437,46.771,AAN,Austroalpine nappes
70,32,11.464,46.781,AAN,Austroalpine nappes
70,33,11.525,46.811,AAN,Austroalpine nappes
70,34,11.57,46.828,AAN,Austroalpine nappes
70,35,11.618,46.835,AAN,Austroalpine nappes
70,36,11.681,46.831,AAN,Austroalpine nappes
70,37,11.722,46.827,AAN,Austroalpine nappes
70,38,11.78,46.825,AAN,Austroalpine nappes
70,39,11.837,46.81,AAN,Austroalpine nappes
70,40,11.871,46.8,AAN,Austroalpine nappes
70,41,11.891,46.796,AAN,Austroalpine nappes
70,42,11.928,46.794,AAN,Austroalpine nappes
70,43,11.963,46.793,AAN,Austroalpine nappes
70,44,12.01,46.796,AAN,Austroalpine nappes
70,45,12.036,46.791,AAN,Austroalpine nappes
70,46,12.059,46.786,AAN,Austroalpine nappes
70,47,12.112,46.776,AAN,Austroalpine nappes
70,50,12.248,46.767,AAN,Austroalpine nappes
70,51,12.274,46.76,AAN,Austroalpine nappes
70,52,12.309,46.754,AAN,Austroalpine nappes
70,53,12.341,46.755,AAN,Austroalpine nappes
70,54,12.374,46.752,AAN,Austroalpine nappes
70,55,12.404,46.751,AAN,Austroalpine nappes
70,56,12.475,46.745,AAN,Austroalpine nappes
70,57,12.507,46.742,AAN,Austroalpine nappes
70,58,12.541,46.741,AAN,Austroalpine nappes
70,59,12.6,46.748,AAN,Austroalpine nappes
70,60,12.653,46.74,AAN,Austroalpine nappes
70,62,12.771,46.735,AAN,Austroalpine nappes
70,69,12.999,46.715,AAN,Austroalpine nappes
70,70,12.948,46.718,AAN,Austroalpine nappes
70,71,13.039,46.712,AAN,Austroalpine nappes
70,72,13.099,46.7,AAN,Austroalpine nappes
70,73,13.104,46.699,AAN,Austroalpine nappes
70,74,13.121,46.701,AAN,Austroalpine nappes
70,75,13.141,46.704,AAN,Austroalpine nappes
70,76,13.204,46.716,AAN,Austroalpine nappes
70,77,13.246,46.71,AAN,Austroalpine nappes
70,78,13.302,46.694,AAN,Austroalpine nappes
70,79,13.338,46.679,AAN,Austroalpine nappes
70,80,13.438,46.657,AAN,Austroalpine nappes
70,81,13.448,46.655,AAN,Austroalpine nappes
70,82,13.465,46.655,AAN,Austroalpine nappes
70,83,13.573,46.656,AAN,Austroalpine nappes
70,84,13.636,46.63,AAN,Austroalpine nappes
70,85,13.647,46.62,AAN,Austroalpine nappes
70,86,13.681,46.591,AAN,Austroalpine nappes
70,87,13.703,46.573,AAN,Austroalpine nappes
70,88,13.733,46.573,AAN,Austroalpine nappes
70,89,13.861,46.58,AAN,Austroalpine nappes
70,92,13.942,46.617,AAN,Austroalpine nappes
70,93,13.95,46.611,AAN,Austroalpine nappes
70,94,13.963,46.606,AAN,Austroalpine nappes
70,95,14.014,46.586,AAN,Austroalpine nappes
70,96,14.02,46.585,AAN,Austroalpine nappes
70,97,14.024,46.586,AAN,Austroalpine nappes
70,98,14.124,46.62,AAN,Austroalpine nappes
70,99,14.167,46.593,AAN,Austroalpine nappes
70,100,14.185,46.592,AAN,Austroalpine nappes
70,101,14.204,46.615,AAN,Austroalpine nappes
70,102,14.204,46.619,AAN,Austroalpine nappes
70,103,14.203,46.622,AAN,Austroalpine nappes
70,104,14.198,46.625,AAN,Austroalpine nappes
70,110,14.326,46.634,AAN,Austroalpine nappes
70,111,14.335,46.581,AAN,Austroalpine nappes
70,112,14.289,46.568,AAN,Austroalpine nappes
70,113,14.314,46.562,AAN,Austroalpine nappes
70,114,14.32,46.562,AAN,Austroalpine nappes
70,115,14.326,46.566,AAN,Austroalpine nappes
70,116,14.33,46.572,AAN,Austroalpine nappes
70,117,14.399,46.662,AAN,Austroalpine nappes
70,118,14.446,46.676,AAN,Austroalpine nappes
70,119,14.51,46.657,AAN,Austroalpine nappes
70,120,14.537,46.651,AAN,Austroalpine nappes
70,121,14.572,46.647,AAN,Austroalpine nappes
70,122,14.761,46.465,AAN,Austroalpine nappes
70,123,14.698,46.629,AAN,Austroalpine nappes
70,124,14.701,46.627,AAN,Austroalpine nappes
70,125,14.715,46.596,AAN,Austroalpine nappes
70,126,14.712,46.592,AAN,Austroalpine nappes
70,127,14.711,46.586,AAN,Austroalpine nappes
70,128,14.713,46.582,AAN,Austroalpine nappes
70,129,14.716,46.579,AAN,Austroalpine nappes
70,130,14.726,46.575,AAN,Austroalpine nappes
70,131,14.749,46.57,AAN,Austroalpine nappes
70,132,14.787,46.566,AAN,Austroalpine nappes
70,133,14.8,46.527,AAN,Austroalpine nappes
70,134,14.777,46.516,AAN,Austroalpine nappes
70,135,14.759,46.518,AAN,Austroalpine nappes
70,136,14.767,46.503,AAN,Austroalpine nappes
70,137,14.773,46.498,AAN,Austroalpine nappes
70,138,14.814,46.503,AAN,Austroalpine nappes
70,139,14.852,46.509,AAN,Austroalpine nappes
70,140,14.902,46.515,AAN,Austroalpine nappes
70,141,15.226,46.435,AAN,Austroalpine nappes
70,142,15.024,46.512,AAN,Austroalpine nappes
70,143,15.066,46.505,AAN,Austroalpine nappes
70,144,15.138,46.503,AAN,Austroalpine nappes
70,145,15.183,46.474,AAN,Austroalpine nappes
70,146,15.247,46.436,AAN,Austroalpine nappes
70,147,15.295,46.41,AAN,Austroalpine nappes
70,148,15.301,46.407,AAN,Austroalpine nappes
70,149,15.346,46.388,AAN,Austroalpine nappes
70,150,15.407,46.359,AAN,Austroalpine nappes
70,151,15.472,46.384,AAN,Austroalpine nappes
70,152,15.507,46.386,AAN,Austroalpine nappes
70,153,15.546,46.39,AAN,Austroalpine nappes
70,154,15.59,46.421,AAN,Austroalpine nappes
70,155,15.599,46.401,AAN,Austroalpine nappes
70,156,15.616,46.404,AAN,Austroalpine nappes
70,157,15.628,46.408,AAN,Austroalpine nappes
70,158,15.653,46.419,AAN,Austroalpine nappes
70,159,15.666,46.426,AAN,Austroalpine nappes
70,160,15.675,46.435,AAN,Austroalpine nappes
70,161,15.68,46.445,AAN,Austroalpine nappes
70,162,15.684,46.454,AAN,Austroalpine nappes
70,163,15.686,46.463,AAN,Austroalpine nappes
70,164,15.685,46.47,AAN,Austroalpine nappes
70,165,15.66,46.518,AAN,Austroalpine nappes
70,166,15.654,46.525,AAN,Austroalpine nappes
70,167,15.645,46.529,AAN,Austroalpine nappes
70,168,15.64,46.53,AAN,Austroalpine nappes
70,169,15.632,46.529,AAN,Austroalpine nappes
70,170,15.569,46.521,AAN,Austroalpine nappes
70,171,15.532,46.524,AAN,Austroalpine nappes
70,172,15.508,46.55,AAN,Austroalpine nappes
70,173,15.435,46.561,AAN,Austroalpine nappes
70,174,15.383,46.58,AAN,Austroalpine nappes
70,175,15.39,46.614,AAN,Austroalpine nappes
70,176,15.396,46.616,AAN,Austroalpine nappes
70,177,15.415,46.643,AAN,Austroalpine nappes
70,178,15.426,46.646,AAN,Austroalpine nappes
70,179,15.464,46.653,AAN,Austroalpine nappes
70,180,15.459,46.659,AAN,Austroalpine nappes
70,181,15.455,46.662,AAN,Austroalpine nappes
70,182,15.413,46.665,AAN,Austroalpine nappes
70,183,15.39,46.666,AAN,Austroalpine nappes
70,184,15.341,46.665,AAN,Austroalpine nappes
70,185,15.313,46.663,AAN,Austroalpine nappes
70,186,15.299,46.66,AAN,Austroalpine nappes
70,187,15.228,46.712,AAN,Austroalpine nappes
70,188,15.227,46.718,AAN,Austroalpine nappes
70,189,15.211,46.75,AAN,Austroalpine nappes
70,190,15.194,46.8,AAN,Austroalpine nappes
70,191,15.201,46.807,AAN,Austroalpine nappes
70,192,15.205,46.817,AAN,Austroalpine nappes
70,193,15.204,46.826,AAN,Austroalpine nappes
70,194,15.198,46.868,AAN,Austroalpine nappes
70,195,15.206,46.871,AAN,Austroalpine nappes
70,196,15.231,46.886,AAN,Austroalpine nappes
70,197,15.235,46.89,AAN,Austroalpine nappes
70,198,15.24,46.899,AAN,Austroalpine nappes
70,199,15.243,46.91,AAN,Austroalpine nappes
70,200,15.251,46.945,AAN,Austroalpine nappes
70,201,15.252,46.949,AAN,Austroalpine nappes
70,202,15.251,46.955,AAN,Austroalpine nappes
70,203,15.249,46.959,AAN,Austroalpine nappes
70,204,15.245,46.963,AAN,Austroalpine nappes
70,205,15.21,46.988,AAN,Austroalpine nappes
70,206,15.213,46.998,AAN,Austroalpine nappes
70,207,15.213,47.011,AAN,Austroalpine nappes
70,208,15.211,47.019,AAN,Austroalpine nappes
70,209,15.235,47.081,AAN,Austroalpine nappes
70,210,15.264,47.07,AAN,Austroalpine nappes
70,211,15.298,47.086,AAN,Austroalpine nappes
70,212,15.319,47.069,AAN,Austroalpine nappes
70,213,15.322,47.067,AAN,Austroalpine nappes
70,214,15.326,47.067,AAN,Austroalpine nappes
70,215,15.334,47.069,AAN,Austroalpine nappes
70,216,15.341,47.074,AAN,Austroalpine nappes
70,217,15.366,47.091,AAN,Austroalpine nappes
70,218,15.375,47.077,AAN,Austroalpine nappes
70,219,15.373,47.062,AAN,Austroalpine nappes
70,220,15.374,47.03,AAN,Austroalpine nappes
70,221,15.375,47.026,AAN,Austroalpine nappes
70,222,15.381,47.022,AAN,Austroalpine nappes
70,223,15.393,47.017,AAN,Austroalpine nappes
70,224,15.4,47.015,AAN,Austroalpine nappes
70,225,15.407,47.016,AAN,Austroalpine nappes
70,226,15.412,47.019,AAN,Austroalpine nappes
70,227,15.457,47.101,AAN,Austroalpine nappes
70,228,15.464,47.099,AAN,Austroalpine nappes
70,229,15.471,47.099,AAN,Austroalpine nappes
70,230,15.478,47.101,AAN,Austroalpine nappes
70,231,15.5,47.114,AAN,Austroalpine nappes
70,232,15.502,47.116,AAN,Austroalpine nappes
70,233,15.504,47.124,AAN,Austroalpine nappes
70,234,15.505,47.149,AAN,Austroalpine nappes
70,235,15.507,47.157,AAN,Austroalpine nappes
70,236,15.515,47.18,AAN,Austroalpine nappes
70,237,15.528,47.181,AAN,Austroalpine nappes
70,238,15.537,47.184,AAN,Austroalpine nappes
70,239,15.564,47.206,AAN,Austroalpine nappes
70,240,15.588,47.197,AAN,Austroalpine nappes
70,241,15.6,47.193,AAN,Austroalpine nappes
70,242,15.61,47.191,AAN,Austroalpine nappes
70,243,15.617,47.191,AAN,Austroalpine nappes
70,244,15.624,47.192,AAN,Austroalpine nappes
70,245,15.63,47.193,AAN,Austroalpine nappes
70,246,15.634,47.196,AAN,Austroalpine nappes
70,247,15.636,47.199,AAN,Austroalpine nappes
70,248,15.67,47.236,AAN,Austroalpine nappes
70,249,15.681,47.238,AAN,Austroalpine nappes
70,250,15.694,47.241,AAN,Austroalpine nappes
70,251,15.701,47.243,AAN,Austroalpine nappes
70,252,15.706,47.246,AAN,Austroalpine nappes
70,253,15.736,47.275,AAN,Austroalpine nappes
70,254,15.761,47.25,AAN,Austroalpine nappes
70,255,15.768,47.231,AAN,Austroalpine nappes
70,256,15.775,47.223,AAN,Austroalpine nappes
70,257,15.781,47.218,AAN,Austroalpine nappes
70,258,15.788,47.216,AAN,Austroalpine nappes
70,259,15.796,47.216,AAN,Austroalpine nappes
70,260,15.833,47.221,AAN,Austroalpine nappes
70,261,15.842,47.225,AAN,Austroalpine nappes
70,262,15.867,47.254,AAN,Austroalpine nappes
70,263,15.874,47.253,AAN,Austroalpine nappes
70,264,15.88,47.254,AAN,Austroalpine nappes
70,265,15.885,47.257,AAN,Austroalpine nappes
70,266,15.888,47.261,AAN,Austroalpine nappes
70,267,15.928,47.293,AAN,Austroalpine nappes
70,268,15.936,47.29,AAN,Austroalpine nappes
70,269,15.943,47.289,AAN,Austroalpine nappes
70,270,15.956,47.291,AAN,Austroalpine nappes
70,271,15.998,47.299,AAN,Austroalpine nappes
70,272,16.004,47.301,AAN,Austroalpine nappes
70,273,16.009,47.304,AAN,Austroalpine nappes
70,274,16.009,47.31,AAN,Austroalpine nappes
70,275,16.004,47.374,AAN,Austroalpine nappes
70,276,16.013,47.379,AAN,Austroalpine nappes
70,277,16.022,47.384,AAN,Austroalpine nappes
70,278,16.027,47.39,AAN,Austroalpine nappes
70,279,16.032,47.397,AAN,Austroalpine nappes
70,280,16.033,47.432,AAN,Austroalpine nappes
70,281,16.028,47.437,AAN,Austroalpine nappes
70,282,16.028,47.456,AAN,Austroalpine nappes
70,283,16.044,47.46,AAN,Austroalpine nappes
70,284,16.061,47.456,AAN,Austroalpine nappes
70,285,16.071,47.456,AAN,Austroalpine nappes
70,286,16.076,47.456,AAN,Austroalpine nappes
70,287,16.079,47.458,AAN,Austroalpine nappes
70,288,16.083,47.461,AAN,Austroalpine nappes
70,289,16.132,47.49,AAN,Austroalpine nappes
70,290,16.141,47.478,AAN,Austroalpine nappes
70,291,16.153,47.467,AAN,Austroalpine nappes
70,292,16.196,47.435,AAN,Austroalpine nappes
70,293,16.204,47.431,AAN,Austroalpine nappes
70,294,16.214,47.427,AAN,Austroalpine nappes
70,295,16.219,47.426,AAN,Austroalpine nappes
70,296,16.225,47.426,AAN,Austroalpine nappes
70,297,16.271,47.427,AAN,Austroalpine nappes
70,298,16.284,47.411,AAN,Austroalpine nappes
70,299,16.291,47.404,AAN,Austroalpine nappes
70,300,16.296,47.402,AAN,Austroalpine nappes
70,301,16.304,47.399,AAN,Austroalpine nappes
70,302,16.316,47.398,AAN,Austroalpine nappes
70,303,16.321,47.4,AAN,Austroalpine nappes
70,304,16.326,47.403,AAN,Austroalpine nappes
70,305,16.342,47.42,AAN,Austroalpine nappes
70,306,16.353,47.436,AAN,Austroalpine nappes
70,307,16.354,47.449,AAN,Austroalpine nappes
70,308,16.312,47.497,AAN,Austroalpine nappes
70,309,16.318,47.536,AAN,Austroalpine nappes
70,310,16.354,47.537,AAN,Austroalpine nappes
70,311,16.361,47.534,AAN,Austroalpine nappes
70,312,16.367,47.532,AAN,Austroalpine nappes
70,313,16.371,47.533,AAN,Austroalpine nappes
70,314,16.375,47.537,AAN,Austroalpine nappes
70,315,16.388,47.558,AAN,Austroalpine nappes
70,316,16.401,47.586,AAN,Austroalpine nappes
70,317,16.401,47.595,AAN,Austroalpine nappes
70,318,16.396,47.621,AAN,Austroalpine nappes
70,319,16.385,47.674,AAN,Austroalpine nappes
70,320,16.39,47.718,AAN,Austroalpine nappes
70,321,16.381,47.73,AAN,Austroalpine nappes
70,322,16.336,47.787,AAN,Austroalpine nappes
70,323,16.323,47.798,AAN,Austroalpine nappes
70,324,16.309,47.807,AAN,Austroalpine nappes
70,325,16.302,47.81,AAN,Austroalpine nappes
70,326,16.294,47.813,AAN,Austroalpine nappes
70,327,16.288,47.813,AAN,Austroalpine nappes
70,328,16.283,47.813,AAN,Austroalpine nappes
70,329,16.278,47.811,AAN,Austroalpine nappes
70,330,16.276,47.808,AAN,Austroalpine nappes
70,331,16.264,47.749,AAN,Austroalpine nappes
70,332,16.263,47.718,AAN,Austroalpine nappes
70,333,16.244,47.719,AAN,Austroalpine nappes
70,334,16.237,47.718,AAN,Austroalpine nappes
70,335,16.229,47.713,AAN,Austroalpine nappes
70,336,16.215,47.702,AAN,Austroalpine nappes
70,337,16.172,47.685,AAN,Austroalpine nappes
70,338,16.145,47.688,AAN,Austroalpine nappes
70,339,16.099,47.7,AAN,Austroalpine nappes
70,340,16.098,47.703,AAN,Austroalpine nappes
70,341,16.095,47.705,AAN,Austroalpine nappes
70,342,16.088,47.706,AAN,Austroalpine nappes
70,343,16.079,47.706,AAN,Austroalpine nappes
70,344,16.073,47.706,AAN,Austroalpine nappes
70,345,16.047,47.703,AAN,Austroalpine nappes
70,346,16.018,47.734,AAN,Austroalpine nappes
70,347,16.003,47.732,AAN,Austroalpine nappes
70,348,15.984,47.728,AAN,Austroalpine nappes
70,349,15.963,47.724,AAN,Austroalpine nappes
70,350,15.92,47.726,AAN,Austroalpine nappes
70,351,15.911,47.729,AAN,Austroalpine nappes
70,352,15.885,47.732,AAN,Austroalpine nappes
70,353,15.837,47.723,AAN,Austroalpine nappes
70,354,15.795,47.742,AAN,Austroalpine nappes
70,355,15.765,47.737,AAN,Austroalpine nappes
70,356,15.725,47.744,AAN,Austroalpine nappes
70,357,15.725,47.748,AAN,Austroalpine nappes
70,358,15.723,47.751,AAN,Austroalpine nappes
70,359,15.721,47.754,AAN,Austroalpine nappes
70,360,15.717,47.755,AAN,Austroalpine nappes
70,361,15.713,47.756,AAN,Austroalpine nappes
70,362,15.706,47.754,AAN,Austroalpine nappes
70,363,15.698,47.75,AAN,Austroalpine nappes
70,364,15.69,47.745,AAN,Austroalpine nappes
70,365,15.658,47.72,AAN,Austroalpine nappes
70,366,15.63,47.715,AAN,Austroalpine nappes
70,367,15.589,47.717,AAN,Austroalpine nappes
70,368,15.558,47.718,AAN,Austroalpine nappes
70,369,15.544,47.717,AAN,Austroalpine nappes
70,370,15.531,47.711,AAN,Austroalpine nappes
70,371,15.492,47.687,AAN,Austroalpine nappes
70,372,15.444,47.675,AAN,Austroalpine nappes
70,373,15.412,47.678,AAN,Austroalpine nappes
70,374,15.414,47.695,AAN,Austroalpine nappes
70,375,15.423,47.701,AAN,Austroalpine nappes
70,376,15.429,47.706,AAN,Austroalpine nappes
70,377,15.412,47.722,AAN,Austroalpine nappes
70,378,15.376,47.714,AAN,Austroalpine nappes
70,379,15.346,47.69,AAN,Austroalpine nappes
70,380,15.329,47.707,AAN,Austroalpine nappes
70,381,15.316,47.704,AAN,Austroalpine nappes
70,382,15.299,47.698,AAN,Austroalpine nappes
70,383,15.286,47.691,AAN,Austroalpine nappes
70,384,15.281,47.684,AAN,Austroalpine nappes
70,385,15.272,47.665,AAN,Austroalpine nappes
70,386,15.271,47.661,AAN,Austroalpine nappes
70,387,15.293,47.61,AAN,Austroalpine nappes
70,388,15.283,47.583,AAN,Austroalpine nappes
70,389,15.238,47.593,AAN,Austroalpine nappes
70,390,15.183,47.589,AAN,Austroalpine nappes
70,391,15.13,47.59,AAN,Austroalpine nappes
70,392,15.101,47.589,AAN,Austroalpine nappes
70,393,15.082,47.584,AAN,Austroalpine nappes
70,394,15.061,47.577,AAN,Austroalpine nappes
70,395,15.02,47.56,AAN,Austroalpine nappes
70,396,14.987,47.567,AAN,Austroalpine nappes
70,397,14.996,47.587,AAN,Austroalpine nappes
70,398,14.996,47.59,AAN,Austroalpine nappes
70,399,14.991,47.592,AAN,Austroalpine nappes
70,400,14.985,47.592,AAN,Austroalpine nappes
70,401,14.973,47.59,AAN,Austroalpine nappes
70,402,14.936,47.582,AAN,Austroalpine nappes
70,403,14.895,47.582,AAN,Austroalpine nappes
70,404,14.865,47.589,AAN,Austroalpine nappes
70,405,14.85,47.596,AAN,Austroalpine nappes
70,406,14.843,47.598,AAN,Austroalpine nappes
70,407,14.837,47.598,AAN,Austroalpine nappes
70,408,14.831,47.596,AAN,Austroalpine nappes
70,409,14.826,47.594,AAN,Austroalpine nappes
70,410,14.822,47.59,AAN,Austroalpine nappes
70,411,14.794,47.572,AAN,Austroalpine nappes
70,412,14.771,47.587,AAN,Austroalpine nappes
70,413,14.75,47.607,AAN,Austroalpine nappes
70,414,14.711,47.58,AAN,Austroalpine nappes
70,415,14.693,47.573,AAN,Austroalpine nappes
70,416,14.674,47.566,AAN,Austroalpine nappes
70,417,14.657,47.561,AAN,Austroalpine nappes
70,418,14.622,47.555,AAN,Austroalpine nappes
70,419,14.577,47.552,AAN,Austroalpine nappes
70,420,14.527,47.584,AAN,Austroalpine nappes
70,421,14.517,47.59,AAN,Austroalpine nappes
70,422,14.471,47.618,AAN,Austroalpine nappes
70,423,14.504,47.647,AAN,Austroalpine nappes
70,424,14.54,47.65,AAN,Austroalpine nappes
70,425,14.566,47.645,AAN,Austroalpine nappes
70,426,14.584,47.647,AAN,Austroalpine nappes
70,427,14.562,47.657,AAN,Austroalpine nappes
70,428,14.495,47.683,AAN,Austroalpine nappes
70,429,14.455,47.705,AAN,Austroalpine nappes
70,430,14.434,47.715,AAN,Austroalpine nappes
70,431,14.406,47.723,AAN,Austroalpine nappes
70,432,14.371,47.731,AAN,Austroalpine nappes
70,433,14.356,47.674,AAN,Austroalpine nappes
70,434,14.349,47.657,AAN,Austroalpine nappes
70,435,14.336,47.633,AAN,Austroalpine nappes
70,436,14.301,47.619,AAN,Austroalpine nappes
70,437,14.272,47.62,AAN,Austroalpine nappes
70,438,14.231,47.612,AAN,Austroalpine nappes
70,439,14.211,47.612,AAN,Austroalpine nappes
70,440,14.199,47.609,AAN,Austroalpine nappes
70,441,14.191,47.603,AAN,Austroalpine nappes
70,442,14.152,47.578,AAN,Austroalpine nappes
70,443,14.137,47.574,AAN,Austroalpine nappes
70,444,14.09,47.557,AAN,Austroalpine nappes
70,445,14.005,47.518,AAN,Austroalpine nappes
70,446,13.91,47.482,AAN,Austroalpine nappes
70,447,13.837,47.463,AAN,Austroalpine nappes
70,448,13.811,47.459,AAN,Austroalpine nappes
70,449,13.752,47.416,AAN,Austroalpine nappes
70,450,13.716,47.429,AAN,Austroalpine nappes
70,451,13.685,47.439,AAN,Austroalpine nappes
70,452,13.658,47.446,AAN,Austroalpine nappes
70,453,13.634,47.452,AAN,Austroalpine nappes
70,454,13.592,47.462,AAN,Austroalpine nappes
70,455,13.529,47.484,AAN,Austroalpine nappes
70,456,13.519,47.492,AAN,Austroalpine nappes
70,457,13.513,47.495,AAN,Austroalpine nappes
70,458,13.467,47.514,AAN,Austroalpine nappes
70,459,13.424,47.558,AAN,Austroalpine nappes
70,460,13.415,47.562,AAN,Austroalpine nappes
70,461,13.378,47.584,AAN,Austroalpine nappes
70,462,13.365,47.605,AAN,Austroalpine nappes
70,463,13.346,47.637,AAN,Austroalpine nappes
70,464,13.31,47.603,AAN,Austroalpine nappes
70,465,13.328,47.554,AAN,Austroalpine nappes
70,466,13.363,47.541,AAN,Austroalpine nappes
70,467,13.382,47.515,AAN,Austroalpine nappes
70,468,13.358,47.508,AAN,Austroalpine nappes
70,469,13.324,47.499,AAN,Austroalpine nappes
70,470,13.25,47.492,AAN,Austroalpine nappes
70,471,13.209,47.498,AAN,Austroalpine nappes
70,472,13.198,47.499,AAN,Austroalpine nappes
70,473,13.175,47.495,AAN,Austroalpine nappes
70,474,13.12,47.486,AAN,Austroalpine nappes
70,475,13.108,47.482,AAN,Austroalpine nappes
70,476,13.066,47.475,AAN,Austroalpine nappes
70,477,13.036,47.42,AAN,Austroalpine nappes
70,478,13.01,47.43,AAN,Austroalpine nappes
70,479,12.996,47.434,AAN,Austroalpine nappes
70,480,12.982,47.436,AAN,Austroalpine nappes
70,481,12.971,47.437,AAN,Austroalpine nappes
70,482,12.962,47.436,AAN,Austroalpine nappes
70,483,12.926,47.443,AAN,Austroalpine nappes
70,484,12.906,47.451,AAN,Austroalpine nappes
70,485,12.862,47.426,AAN,Austroalpine nappes
70,486,12.852,47.466,AAN,Austroalpine nappes
70,487,12.833,47.47,AAN,Austroalpine nappes
70,488,12.812,47.472,AAN,Austroalpine nappes
70,489,12.792,47.473,AAN,Austroalpine nappes
70,490,12.781,47.472,AAN,Austroalpine nappes
70,491,12.722,47.468,AAN,Austroalpine nappes
70,492,12.69,47.484,AAN,Austroalpine nappes
70,493,12.67,47.499,AAN,Austroalpine nappes
70,494,12.663,47.503,AAN,Austroalpine nappes
70,495,12.651,47.506,AAN,Austroalpine nappes
70,496,12.585,47.513,AAN,Austroalpine nappes
70,497,12.573,47.526,AAN,Austroalpine nappes
70,498,12.56,47.532,AAN,Austroalpine nappes
70,499,12.547,47.536,AAN,Austroalpine nappes
70,500,12.508,47.546,AAN,Austroalpine nappes
70,501,12.467,47.563,AAN,Austroalpine nappes
70,502,12.45,47.567,AAN,Austroalpine nappes
70,503,12.438,47.568,AAN,Austroalpine nappes
70,504,12.42,47.565,AAN,Austroalpine nappes
70,505,12.368,47.55,AAN,Austroalpine nappes
70,506,12.34,47.528,AAN,Austroalpine nappes
70,507,12.312,47.565,AAN,Austroalpine nappes
70,508,12.299,47.566,AAN,Austroalpine nappes
70,509,12.285,47.565,AAN,Austroalpine nappes
70,510,12.273,47.562,AAN,Austroalpine nappes
70,511,12.19,47.542,AAN,Austroalpine nappes
70,512,12.16,47.568,AAN,Austroalpine nappes
70,513,12.138,47.595,AAN,Austroalpine nappes
70,514,12.128,47.573,AAN,Austroalpine nappes
70,515,12.124,47.552,AAN,Austroalpine nappes
70,516,12.122,47.527,AAN,Austroalpine nappes
70,517,12.142,47.501,AAN,Austroalpine nappes
70,518,12.133,47.478,AAN,Austroalpine nappes
70,519,12.113,47.476,AAN,Austroalpine nappes
70,520,12.091,47.47,AAN,Austroalpine nappes
70,521,12.076,47.465,AAN,Austroalpine nappes
70,522,12.064,47.46,AAN,Austroalpine nappes
70,523,12.054,47.454,AAN,Austroalpine nappes
70,524,12.034,47.438,AAN,Austroalpine nappes
70,525,11.991,47.428,AAN,Austroalpine nappes
70,526,11.988,47.43,AAN,Austroalpine nappes
70,527,11.984,47.431,AAN,Austroalpine nappes
70,528,11.98,47.432,AAN,Austroalpine nappes
70,529,11.973,47.431,AAN,Austroalpine nappes
70,530,11.954,47.426,AAN,Austroalpine nappes
70,531,11.918,47.411,AAN,Austroalpine nappes
70,532,11.861,47.404,AAN,Austroalpine nappes
70,533,11.84,47.397,AAN,Austroalpine nappes
70,534,11.836,47.395,AAN,Austroalpine nappes
70,535,11.826,47.386,AAN,Austroalpine nappes
70,536,11.792,47.357,AAN,Austroalpine nappes
70,537,11.777,47.356,AAN,Austroalpine nappes
70,538,11.763,47.362,AAN,Austroalpine nappes
70,539,11.758,47.365,AAN,Austroalpine nappes
70,540,11.749,47.366,AAN,Austroalpine nappes
70,541,11.74,47.365,AAN,Austroalpine nappes
70,542,11.712,47.358,AAN,Austroalpine nappes
70,543,11.648,47.337,AAN,Austroalpine nappes
70,544,11.568,47.313,AAN,Austroalpine nappes
70,545,11.533,47.304,AAN,Austroalpine nappes
70,546,11.411,47.268,AAN,Austroalpine nappes
70,547,11.377,47.277,AAN,Austroalpine nappes
70,548,11.345,47.279,AAN,Austroalpine nappes
70,549,11.286,47.274,AAN,Austroalpine nappes
70,550,11.207,47.302,AAN,Austroalpine nappes
70,551,11.161,47.315,AAN,Austroalpine nappes
70,552,11.147,47.318,AAN,Austroalpine nappes
70,553,11.134,47.32,AAN,Austroalpine nappes
70,554,11.111,47.32,AAN,Austroalpine nappes
70,555,11.045,47.311,AAN,Austroalpine nappes
70,556,11.019,47.305,AAN,Austroalpine nappes
70,557,10.989,47.297,AAN,Austroalpine nappes
70,558,10.958,47.284,AAN,Austroalpine nappes
70,569,10.761,47.222,AAN,Austroalpine nappes
70,571,10.83,47.238,AAN,Austroalpine nappes
70,572,10.88,47.256,AAN,Austroalpine nappes
70,573,10.813,47.235,AAN,Austroalpine nappes
70,574,10.736,47.215,AAN,Austroalpine nappes
70,575,10.704,47.207,AAN,Austroalpine nappes
70,576,10.689,47.2,AAN,Austroalpine nappes
70,579,10.626,47.186,AAN,Austroalpine nappes
70,580,10.533,47.177,AAN,Austroalpine nappes
70,581,10.48,47.184,AAN,Austroalpine nappes
70,582,10.452,47.187,AAN,Austroalpine nappes
70,583,10.406,47.186,AAN,Austroalpine nappes
70,584,10.402,47.186,AAN,Austroalpine nappes
70,585,10.321,47.179,AAN,Austroalpine nappes
70,586,10.304,47.178,AAN,Austroalpine nappes
70,587,10.304,47.178,AAN,Austroalpine nappes
70,588,10.298,47.177,AAN,Austroalpine nappes
70,589,10.272,47.172,AAN,Austroalpine nappes
70,590,10.244,47.166,AAN,Austroalpine nappes
70,591,10.203,47.164,AAN,Austroalpine nappes
70,592,10.142,47.157,AAN,Austroalpine nappes
70,593,10.104,47.154,AAN,Austroalpine nappes
70,594,10.104,47.154,AAN,Austroalpine nappes
70,595,10.067,47.149,AAN,Austroalpine nappes
70,596,9.995,47.133,AAN,Austroalpine nappes
70,597,9.915,47.114,AAN,Austroalpine nappes
70,598,9.86,47.084,AAN,Austroalpine nappes
70,599,9.821,47.102,AAN,Austroalpine nappes
70,600,9.807,47.098,AAN,Austroalpine nappes
70,601,9.788,47.086,AAN,Austroalpine nappes
70,602,9.785,47.074,AAN,Austroalpine nappes
70,603,9.787,47.056,AAN,Austroalpine nappes
70,604,9.935,47.028,AAN,Austroalpine nappes
70,605,9.925,46.991,AAN,Austroalpine nappes
70,606,9.918,46.98,AAN,Austroalpine nappes
70,607,9.912,46.965,AAN,Austroalpine nappes
70,608,9.906,46.909,AAN,Austroalpine nappes
70,609,9.907,46.894,AAN,Austroalpine nappes
70,610,9.913,46.888,AAN,Austroalpine nappes
70,611,9.921,46.884,AAN,Austroalpine nappes
70,612,9.937,46.878,AAN,Austroalpine nappes
70,613,9.961,46.847,AAN,Austroalpine nappes
70,614,9.975,46.838,AAN,Austroalpine nappes
70,615,10.004,46.81,AAN,Austroalpine nappes
70,616,9.985,46.786,AAN,Austroalpine nappes
70,617,9.973,46.787,AAN,Austroalpine nappes
70,618,9.961,46.788,AAN,Austroalpine nappes
70,619,9.918,46.787,AAN,Austroalpine nappes
70,620,9.886,46.821,AAN,Austroalpine nappes
70,621,9.836,46.809,AAN,Austroalpine nappes
70,622,9.774,46.801,AAN,Austroalpine nappes
70,623,9.768,46.793,AAN,Austroalpine nappes
70,624,9.764,46.78,AAN,Austroalpine nappes
70,625,9.76,46.682,AAN,Austroalpine nappes
70,626,9.755,46.669,AAN,Austroalpine nappes
70,627,9.751,46.655,AAN,Austroalpine nappes
70,628,9.75,46.642,AAN,Austroalpine nappes
70,629,9.753,46.629,AAN,Austroalpine nappes
70,630,9.76,46.625,AAN,Austroalpine nappes
70,631,9.825,46.602,AAN,Austroalpine nappes
70,632,9.804,46.57,AAN,Austroalpine nappes
70,633,9.787,46.554,AAN,Austroalpine nappes
70,634,9.781,46.542,AAN,Austroalpine nappes
70,635,9.77,46.472,AAN,Austroalpine nappes
70,636,9.765,46.469,AAN,Austroalpine nappes
70,637,9.747,46.454,AAN,Austroalpine nappes
70,638,9.732,46.436,AAN,Austroalpine nappes
70,639,9.74,46.4,AAN,Austroalpine nappes
70,640,9.744,46.393,AAN,Austroalpine nappes
70,641,9.774,46.347,AAN,Austroalpine nappes
70,642,9.788,46.327,AAN,Austroalpine nappes
70,643,9.799,46.32,AAN,Austroalpine nappes
70,644,9.811,46.313,AAN,Austroalpine nappes
70,645,9.824,46.307,AAN,Austroalpine nappes
70,646,9.832,46.305,AAN,Austroalpine nappes
70,647,9.841,46.306,AAN,Austroalpine nappes
70,648,9.85,46.308,AAN,Austroalpine nappes
70,649,9.864,46.313,AAN,Austroalpine nappes
70,650,9.92,46.334,AAN,Austroalpine nappes
70,651,9.972,46.326,AAN,Austroalpine nappes
70,652,9.975,46.283,AAN,Austroalpine nappes
70,653,9.954,46.274,AAN,Austroalpine nappes
70,654,9.921,46.261,AAN,Austroalpine nappes
70,655,9.882,46.249,AAN,Austroalpine nappes
70,656,9.84,46.241,AAN,Austroalpine nappes
70,657,9.754,46.228,AAN,Austroalpine nappes
70,658,9.719,46.223,AAN,Austroalpine nappes
70,659,9.663,46.208,AAN,Austroalpine nappes
70,660,9.543,46.168,AAN,Austroalpine nappes
70,661,9.443,46.152,AAN,Austroalpine nappes
70,662,9.511,46.147,AAN,Austroalpine nappes
70,663,9.776,46.146,AAN,Austroalpine nappes
71,0,11.564,46.85,TW,Tauern Window
71,1,11.64,46.858,TW,Tauern Window
71,2,11.784,46.87,TW,Tauern Window
71,3,11.796,46.875,TW,Tauern Window
71,4,11.804,46.88,TW,Tauern Window
71,5,11.872,46.925,TW,Tauern Window
71,6,11.903,46.93,TW,Tauern Window
71,7,11.929,46.938,TW,Tauern Window
71,8,12.034,46.97,TW,Tauern Window
71,9,12.097,46.977,TW,Tauern Window
71,10,12.12,46.97,TW,Tauern Window
71,11,12.144,46.969,TW,Tauern Window
71,12,12.154,46.969,TW,Tauern Window
71,13,12.236,46.976,TW,Tauern Window
71,14,12.247,46.97,TW,Tauern Window
71,15,12.251,46.968,TW,Tauern Window
71,16,12.269,46.966,TW,Tauern Window
71,17,12.327,46.972,TW,Tauern Window
71,18,12.459,46.982,TW,Tauern Window
71,19,12.502,46.985,TW,Tauern Window
71,20,12.631,46.999,TW,Tauern Window
71,21,12.664,47.004,TW,Tauern Window
71,22,12.683,47.008,TW,Tauern Window
71,23,12.693,47.012,TW,Tauern Window
71,24,12.804,47.048,TW,Tauern Window
71,25,12.849,47.007,TW,Tauern Window
71,26,12.859,47,TW,Tauern Window
71,27,12.873,46.992,TW,Tauern Window
71,28,12.886,46.987,TW,Tauern Window
71,29,12.912,46.979,TW,Tauern Window
71,30,12.935,46.974,TW,Tauern Window
71,31,13.098,46.953,TW,Tauern Window
71,32,13.348,46.878,TW,Tauern Window
71,33,13.388,46.861,TW,Tauern Window
71,34,13.433,46.862,TW,Tauern Window
71,35,13.455,46.88,TW,Tauern Window
71,36,13.47,46.901,TW,Tauern Window
71,37,13.518,46.969,TW,Tauern Window
71,38,13.544,47.016,TW,Tauern Window
71,39,13.574,47.029,TW,Tauern Window
71,40,13.577,47.032,TW,Tauern Window
71,41,13.587,47.042,TW,Tauern Window
71,42,13.593,47.05,TW,Tauern Window
71,43,13.628,47.095,TW,Tauern Window
71,44,13.635,47.11,TW,Tauern Window
71,45,13.647,47.141,TW,Tauern Window
71,46,13.653,47.165,TW,Tauern Window
71,47,13.653,47.18,TW,Tauern Window
71,48,13.544,47.21,TW,Tauern Window
71,49,13.505,47.251,TW,Tauern Window
71,50,13.5,47.256,TW,Tauern Window
71,51,13.493,47.258,TW,Tauern Window
71,52,13.481,47.257,TW,Tauern Window
71,53,13.46,47.255,TW,Tauern Window
71,54,13.447,47.218,TW,Tauern Window
71,55,13.447,47.214,TW,Tauern Window
71,56,13.415,47.246,TW,Tauern Window
71,57,13.406,47.243,TW,Tauern Window
71,58,13.349,47.225,TW,Tauern Window
71,59,13.279,47.236,TW,Tauern Window
71,60,13.211,47.238,TW,Tauern Window
71,61,13.07,47.231,TW,Tauern Window
71,62,12.797,47.239,TW,Tauern Window
71,63,12.722,47.249,TW,Tauern Window
71,64,12.559,47.277,TW,Tauern Window
71,65,12.542,47.279,TW,Tauern Window
71,66,12.526,47.28,TW,Tauern Window
71,67,12.51,47.279,TW,Tauern Window
71,68,12.465,47.279,TW,Tauern Window
71,69,12.454,47.278,TW,Tauern Window
71,70,12.172,47.22,TW,Tauern Window
71,71,12.116,47.237,TW,Tauern Window
71,72,12.092,47.242,TW,Tauern Window
71,73,12.077,47.243,TW,Tauern Window
71,74,12.053,47.244,TW,Tauern Window
71,75,12.014,47.243,TW,Tauern Window
71,76,11.994,47.24,TW,Tauern Window
71,77,11.932,47.231,TW,Tauern Window
71,78,11.915,47.227,TW,Tauern Window
71,79,11.899,47.222,TW,Tauern Window
71,80,11.746,47.176,TW,Tauern Window
71,81,11.741,47.181,TW,Tauern Window
71,82,11.739,47.184,TW,Tauern Window
71,83,11.734,47.185,TW,Tauern Window
71,84,11.729,47.186,TW,Tauern Window
71,85,11.723,47.185,TW,Tauern Window
71,86,11.718,47.183,TW,Tauern Window
71,87,11.681,47.156,TW,Tauern Window
71,88,11.62,47.138,TW,Tauern Window
71,89,11.569,47.14,TW,Tauern Window
71,90,11.552,47.139,TW,Tauern Window
71,91,11.546,47.138,TW,Tauern Window
71,92,11.531,47.133,TW,Tauern Window
71,93,11.524,47.129,TW,Tauern Window
71,94,11.516,47.124,TW,Tauern Window
71,95,11.54,47.024,TW,Tauern Window
71,96,11.53,47.001,TW,Tauern Window
71,97,11.475,46.933,TW,Tauern Window
71,98,11.438,46.881,TW,Tauern Window
71,99,11.438,46.881,TW,Tauern Window
71,100,11.473,46.871,TW,Tauern Window
71,101,11.524,46.856,TW,Tauern Window
71,102,11.552,46.851,TW,Tauern Window
71,103,11.564,46.85,TW,Tauern Window
74,0,10.242,46.732,EW,Engadine Window
74,1,10.34,46.767,EW,Engadine Window
74,2,10.375,46.789,EW,Engadine Window
74,3,10.504,46.869,EW,Engadine Window
74,4,10.628,46.936,EW,Engadine Window
74,5,10.664,46.991,EW,Engadine Window
74,6,10.73,47.049,EW,Engadine Window
74,7,10.738,47.063,EW,Engadine Window
74,8,10.736,47.073,EW,Engadine Window
74,9,10.722,47.103,EW,Engadine Window
74,10,10.719,47.105,EW,Engadine Window
74,11,10.715,47.106,EW,Engadine Window
74,12,10.711,47.107,EW,Engadine Window
74,13,10.702,47.107,EW,Engadine Window
74,14,10.69,47.106,EW,Engadine Window
74,15,10.678,47.104,EW,Engadine Window
74,16,10.606,47.07,EW,Engadine Window
74,17,10.509,47.049,EW,Engadine Window
74,18,10.401,47.016,EW,Engadine Window
74,19,10.368,47.009,EW,Engadine Window
74,20,10.346,46.999,EW,Engadine Window
74,21,10.327,46.984,EW,Engadine Window
74,22,10.309,46.969,EW,Engadine Window
74,23,10.291,46.954,EW,Engadine Window
74,24,10.271,46.934,EW,Engadine Window
74,25,10.262,46.921,EW,Engadine Window
74,26,10.255,46.907,EW,Engadine Window
74,27,10.225,46.88,EW,Engadine Window
74,28,10.22,46.875,EW,Engadine Window
74,29,10.201,46.845,EW,Engadine Window
74,30,10.189,46.838,EW,Engadine Window
74,31,10.177,46.831,EW,Engadine Window
74,32,10.172,46.823,EW,Engadine Window
74,33,10.173,46.811,EW,Engadine Window
74,34,10.176,46.799,EW,Engadine Window
74,35,10.18,46.787,EW,Engadine Window
74,36,10.184,46.776,EW,Engadine Window
74,37,10.199,46.757,EW,Engadine Window
74,38,10.242,46.732,EW,Engadine Window
81,0,7.331,44.032,ECM,Argentera Massif
81,1,7.38,44.044,ECM,Argentera Massif
81,2,7.412,44.055,ECM,Argentera Massif
81,3,7.44,44.072,ECM,Argentera Massif
81,4,7.463,44.087,ECM,Argentera Massif
81,5,7.479,44.102,ECM,Argentera Massif
81,6,7.488,44.112,ECM,Argentera Massif
81,7,7.494,44.123,ECM,Argentera Massif
81,8,7.496,44.134,ECM,Argentera Massif
81,9,7.491,44.156,ECM,Argentera Massif
81,10,7.48,44.175,ECM,Argentera Massif
81,11,7.463,44.198,ECM,Argentera Massif
81,12,7.354,44.244,ECM,Argentera Massif
81,13,7.263,44.282,ECM,Argentera Massif
81,14,7.172,44.311,ECM,Argentera Massif
81,15,7.127,44.323,ECM,Argentera Massif
81,16,7.077,44.335,ECM,Argentera Massif
81,17,7.007,44.341,ECM,Argentera Massif
81,18,6.96,44.34,ECM,Argentera Massif
81,19,6.928,44.333,ECM,Argentera Massif
81,20,6.902,44.323,ECM,Argentera Massif
81,21,6.901,44.302,ECM,Argentera Massif
81,22,6.903,44.29,ECM,Argentera Massif
81,23,6.908,44.277,ECM,Argentera Massif
81,24,6.92,44.26,ECM,Argentera Massif
81,25,6.989,44.182,ECM,Argentera Massif
81,26,7.038,44.134,ECM,Argentera Massif
81,27,7.07,44.104,ECM,Argentera Massif
81,28,7.189,44.09,ECM,Argentera Massif
81,29,7.223,44.064,ECM,Argentera Massif
81,30,7.244,44.038,ECM,Argentera Massif
81,31,7.293,44.035,ECM,Argentera Massif
81,32,7.331,44.032,ECM,Argentera Massif
82,0,6.309,44.777,ECM,Pelvoux Massif
82,1,6.333,44.779,ECM,Pelvoux Massif
82,2,6.358,44.781,ECM,Pelvoux Massif
82,3,6.394,44.788,ECM,Pelvoux Massif
82,4,6.404,44.795,ECM,Pelvoux Massif
82,5,6.414,44.802,ECM,Pelvoux Massif
82,6,6.434,44.818,ECM,Pelvoux Massif
82,7,6.446,44.829,ECM,Pelvoux Massif
82,8,6.449,44.88,ECM,Pelvoux Massif
82,9,6.459,44.903,ECM,Pelvoux Massif
82,10,6.466,44.916,ECM,Pelvoux Massif
82,11,6.47,44.926,ECM,Pelvoux Massif
82,12,6.467,44.945,ECM,Pelvoux Massif
82,13,6.459,44.959,ECM,Pelvoux Massif
82,14,6.446,44.969,ECM,Pelvoux Massif
82,15,6.408,44.994,ECM,Pelvoux Massif
82,16,6.394,45.01,ECM,Pelvoux Massif
82,17,6.366,45.01,ECM,Pelvoux Massif
82,18,6.345,45.013,ECM,Pelvoux Massif
82,19,6.313,45.02,ECM,Pelvoux Massif
82,20,6.292,45.027,ECM,Pelvoux Massif
82,21,6.258,45.039,ECM,Pelvoux Massif
82,22,6.225,45.053,ECM,Pelvoux Massif
82,23,6.205,45.05,ECM,Pelvoux Massif
82,24,6.18,45.036,ECM,Pelvoux Massif
82,25,6.16,45.015,ECM,Pelvoux Massif
82,26,6.153,44.997,ECM,Pelvoux Massif
82,27,6.102,45.012,ECM,Pelvoux Massif
82,28,6.089,45.034,ECM,Pelvoux Massif
82,29,6.077,45.047,ECM,Pelvoux Massif
82,30,6.045,45.022,ECM,Pelvoux Massif
82,31,6.028,45.012,ECM,Pelvoux Massif
82,32,6.02,45.001,ECM,Pelvoux Massif
82,33,6.016,44.989,ECM,Pelvoux Massif
82,34,6.016,44.976,ECM,Pelvoux Massif
82,35,6.019,44.963,ECM,Pelvoux Massif
82,36,6.025,44.95,ECM,Pelvoux Massif
82,37,6.034,44.912,ECM,Pelvoux Massif
82,38,6.018,44.903,ECM,Pelvoux Massif
82,39,6.003,44.914,ECM,Pelvoux Massif
82,40,5.993,44.924,ECM,Pelvoux Massif
82,41,5.981,44.933,ECM,Pelvoux Massif
82,42,5.965,44.937,ECM,Pelvoux Massif
82,43,5.951,44.935,ECM,Pelvoux Massif
82,44,5.952,44.927,ECM,Pelvoux Massif
82,45,5.96,44.891,ECM,Pelvoux Massif
82,46,5.989,44.882,ECM,Pelvoux Massif
82,47,6.038,44.855,ECM,Pelvoux Massif
82,48,6.056,44.816,ECM,Pelvoux Massif
82,49,6.064,44.795,ECM,Pelvoux Massif
82,50,6.077,44.783,ECM,Pelvoux Massif
82,51,6.12,44.8,ECM,Pelvoux Massif
82,52,6.167,44.786,ECM,Pelvoux Massif
82,53,6.21,44.792,ECM,Pelvoux Massif
82,54,6.254,44.783,ECM,Pelvoux Massif
82,55,6.276,44.779,ECM,Pelvoux Massif
82,56,6.309,44.777,ECM,Pelvoux Massif
83,0,5.972,45.07,ECM,Belledonne Massif
83,1,6.052,45.144,ECM,Belledonne Massif
83,2,6.07,45.156,ECM,Belledonne Massif
83,3,6.088,45.17,ECM,Belledonne Massif
83,4,6.13,45.252,ECM,Belledonne Massif
83,5,6.18,45.313,ECM,Belledonne Massif
83,6,6.21,45.346,ECM,Belledonne Massif
83,7,6.23,45.368,ECM,Belledonne Massif
83,8,6.24,45.377,ECM,Belledonne Massif
83,9,6.25,45.387,ECM,Belledonne Massif
83,10,6.271,45.406,ECM,Belledonne Massif
83,11,6.278,45.411,ECM,Belledonne Massif
83,12,6.291,45.422,ECM,Belledonne Massif
83,13,6.304,45.434,ECM,Belledonne Massif
83,14,6.319,45.458,ECM,Belledonne Massif
83,15,6.378,45.493,ECM,Belledonne Massif
83,16,6.413,45.453,ECM,Belledonne Massif
83,17,6.447,45.475,ECM,Belledonne Massif
83,18,6.474,45.492,ECM,Belledonne Massif
83,19,6.51,45.514,ECM,Belledonne Massif
83,20,6.539,45.538,ECM,Belledonne Massif
83,21,6.54,45.538,ECM,Belledonne Massif
83,22,6.54,45.538,ECM,Belledonne Massif
83,23,6.574,45.583,ECM,Belledonne Massif
83,24,6.623,45.632,ECM,Belledonne Massif
83,25,6.651,45.653,ECM,Belledonne Massif
83,26,6.681,45.672,ECM,Belledonne Massif
83,27,6.722,45.695,ECM,Belledonne Massif
83,28,6.764,45.715,ECM,Belledonne Massif
83,29,6.809,45.735,ECM,Belledonne Massif
83,30,6.851,45.757,ECM,Belledonne Massif
83,31,6.897,45.783,ECM,Belledonne Massif
83,32,6.861,45.829,ECM,Belledonne Massif
83,33,6.872,45.847,ECM,Belledonne Massif
83,34,6.908,45.882,ECM,Belledonne Massif
83,35,6.938,45.906,ECM,Belledonne Massif
83,36,6.952,45.976,ECM,Belledonne Massif
83,37,6.983,45.965,ECM,Belledonne Massif
83,38,7.028,45.974,ECM,Belledonne Massif
83,39,7.032,45.954,ECM,Belledonne Massif
83,40,7.034,45.927,ECM,Belledonne Massif
83,41,7.051,45.953,ECM,Belledonne Massif
83,42,7.071,45.985,ECM,Belledonne Massif
83,43,7.085,46.013,ECM,Belledonne Massif
83,44,7.098,46.038,ECM,Belledonne Massif
83,45,7.112,46.068,ECM,Belledonne Massif
83,46,7.128,46.117,ECM,Belledonne Massif
83,47,7.081,46.146,ECM,Belledonne Massif
83,48,7.076,46.17,ECM,Belledonne Massif
83,49,7.055,46.179,ECM,Belledonne Massif
83,50,7.036,46.17,ECM,Belledonne Massif
83,51,7.007,46.153,ECM,Belledonne Massif
83,52,6.988,46.139,ECM,Belledonne Massif
83,53,6.972,46.118,ECM,Belledonne Massif
83,54,6.948,46.072,ECM,Belledonne Massif
83,55,6.948,46.072,ECM,Belledonne Massif
83,56,6.948,46.072,ECM,Belledonne Massif
83,57,6.948,46.072,ECM,Belledonne Massif
83,58,6.931,46.057,ECM,Belledonne Massif
83,59,6.961,46.039,ECM,Belledonne Massif
83,60,6.959,46.025,ECM,Belledonne Massif
83,61,6.949,46,ECM,Belledonne Massif
83,62,6.91,45.992,ECM,Belledonne Massif
83,63,6.86,45.992,ECM,Belledonne Massif
83,64,6.845,45.978,ECM,Belledonne Massif
83,65,6.832,45.903,ECM,Belledonne Massif
83,66,6.817,45.868,ECM,Belledonne Massif
83,67,6.816,45.835,ECM,Belledonne Massif
83,68,6.791,45.798,ECM,Belledonne Massif
83,69,6.769,45.778,ECM,Belledonne Massif
83,70,6.746,45.765,ECM,Belledonne Massif
83,71,6.723,45.755,ECM,Belledonne Massif
83,72,6.689,45.743,ECM,Belledonne Massif
83,73,6.662,45.73,ECM,Belledonne Massif
83,74,6.637,45.714,ECM,Belledonne Massif
83,75,6.581,45.695,ECM,Belledonne Massif
83,76,6.575,45.704,ECM,Belledonne Massif
83,77,6.567,45.708,ECM,Belledonne Massif
83,78,6.545,45.728,ECM,Belledonne Massif
83,79,6.563,45.772,ECM,Belledonne Massif
83,80,6.577,45.788,ECM,Belledonne Massif
83,81,6.601,45.804,ECM,Belledonne Massif
83,82,6.624,45.82,ECM,Belledonne Massif
83,83,6.632,45.826,ECM,Belledonne Massif
83,84,6.637,45.833,ECM,Belledonne Massif
83,85,6.639,45.847,ECM,Belledonne Massif
83,86,6.579,45.817,ECM,Belledonne Massif
83,87,6.52,45.777,ECM,Belledonne Massif
83,88,6.501,45.76,ECM,Belledonne Massif
83,89,6.485,45.741,ECM,Belledonne Massif
83,90,6.471,45.72,ECM,Belledonne Massif
83,91,6.451,45.686,ECM,Belledonne Massif
83,92,6.391,45.611,ECM,Belledonne Massif
83,93,6.324,45.552,ECM,Belledonne Massif
83,94,6.272,45.504,ECM,Belledonne Massif
83,95,6.208,45.455,ECM,Belledonne Massif
83,96,6.215,45.398,ECM,Belledonne Massif
83,97,6.192,45.384,ECM,Belledonne Massif
83,98,6.18,45.377,ECM,Belledonne Massif
83,99,6.145,45.405,ECM,Belledonne Massif
83,100,6.093,45.374,ECM,Belledonne Massif
83,101,6.088,45.374,ECM,Belledonne Massif
83,102,6.065,45.357,ECM,Belledonne Massif
83,103,6.039,45.334,ECM,Belledonne Massif
83,104,6.038,45.268,ECM,Belledonne Massif
83,105,6.026,45.226,ECM,Belledonne Massif
83,106,5.993,45.171,ECM,Belledonne Massif
83,107,5.983,45.138,ECM,Belledonne Massif
83,108,5.976,45.105,ECM,Belledonne Massif
83,109,5.972,45.07,ECM,Belledonne Massif
84,0,7.897,46.296,ECM,Aar Massif
84,1,7.933,46.298,ECM,Aar Massif
84,2,7.986,46.298,ECM,Aar Massif
84,3,8.086,46.364,ECM,Aar Massif
84,4,8.164,46.391,ECM,Aar Massif
84,5,8.216,46.402,ECM,Aar Massif
84,6,8.26,46.411,ECM,Aar Massif
84,7,8.328,46.423,ECM,Aar Massif
84,8,8.385,46.429,ECM,Aar Massif
84,9,8.413,46.431,ECM,Aar Massif
84,10,8.45,46.45,ECM,Aar Massif
84,11,8.531,46.499,ECM,Aar Massif
84,12,8.564,46.511,ECM,Aar Massif
84,13,8.613,46.518,ECM,Aar Massif
84,14,8.688,46.524,ECM,Aar Massif
84,15,8.754,46.53,ECM,Aar Massif
84,16,8.781,46.527,ECM,Aar Massif
84,17,8.816,46.524,ECM,Aar Massif
84,18,8.843,46.521,ECM,Aar Massif
84,19,8.862,46.58,ECM,Aar Massif
84,20,8.892,46.585,ECM,Aar Massif
84,21,8.905,46.588,ECM,Aar Massif
84,22,8.943,46.601,ECM,Aar Massif
84,23,8.98,46.616,ECM,Aar Massif
84,24,9.037,46.647,ECM,Aar Massif
84,25,9.072,46.66,ECM,Aar Massif
84,26,9.101,46.675,ECM,Aar Massif
84,27,9.106,46.688,ECM,Aar Massif
84,28,9.097,46.707,ECM,Aar Massif
84,29,9.09,46.724,ECM,Aar Massif
84,30,9.039,46.711,ECM,Aar Massif
84,31,9.003,46.711,ECM,Aar Massif
84,32,9.016,46.736,ECM,Aar Massif
84,33,9.084,46.777,ECM,Aar Massif
84,34,9.093,46.788,ECM,Aar Massif
84,35,9.094,46.795,ECM,Aar Massif
84,36,9.093,46.803,ECM,Aar Massif
84,37,9.09,46.81,ECM,Aar Massif
84,38,9.068,46.813,ECM,Aar Massif
84,39,9.007,46.821,ECM,Aar Massif
84,40,8.999,46.821,ECM,Aar Massif
84,41,8.992,46.819,ECM,Aar Massif
84,42,8.983,46.816,ECM,Aar Massif
84,43,8.974,46.81,ECM,Aar Massif
84,44,8.929,46.788,ECM,Aar Massif
84,45,8.916,46.797,ECM,Aar Massif
84,46,8.907,46.803,ECM,Aar Massif
84,47,8.893,46.807,ECM,Aar Massif
84,48,8.88,46.808,ECM,Aar Massif
84,49,8.868,46.807,ECM,Aar Massif
84,50,8.85,46.803,ECM,Aar Massif
84,51,8.784,46.791,ECM,Aar Massif
84,52,8.769,46.793,ECM,Aar Massif
84,53,8.751,46.792,ECM,Aar Massif
84,54,8.689,46.802,ECM,Aar Massif
84,55,8.677,46.823,ECM,Aar Massif
84,56,8.665,46.831,ECM,Aar Massif
84,57,8.649,46.835,ECM,Aar Massif
84,58,8.641,46.836,ECM,Aar Massif
84,59,8.625,46.833,ECM,Aar Massif
84,60,8.618,46.831,ECM,Aar Massif
84,61,8.609,46.827,ECM,Aar Massif
84,62,8.52,46.794,ECM,Aar Massif
84,63,8.495,46.791,ECM,Aar Massif
84,64,8.462,46.78,ECM,Aar Massif
84,65,8.406,46.752,ECM,Aar Massif
84,66,8.372,46.742,ECM,Aar Massif
84,67,8.337,46.734,ECM,Aar Massif
84,68,8.302,46.725,ECM,Aar Massif
84,69,8.253,46.71,ECM,Aar Massif
84,70,8.233,46.703,ECM,Aar Massif
84,71,8.22,46.692,ECM,Aar Massif
84,72,8.167,46.636,ECM,Aar Massif
84,73,8.146,46.625,ECM,Aar Massif
84,74,8.088,46.602,ECM,Aar Massif
84,75,8.052,46.583,ECM,Aar Massif
84,76,7.999,46.555,ECM,Aar Massif
84,77,7.933,46.535,ECM,Aar Massif
84,78,7.922,46.533,ECM,Aar Massif
84,79,7.908,46.529,ECM,Aar Massif
84,80,7.853,46.495,ECM,Aar Massif
84,81,7.771,46.465,ECM,Aar Massif
84,82,7.737,46.453,ECM,Aar Massif
84,83,7.725,46.445,ECM,Aar Massif
84,84,7.715,46.436,ECM,Aar Massif
84,85,7.658,46.362,ECM,Aar Massif
84,86,7.65,46.35,ECM,Aar Massif
84,87,7.652,46.338,ECM,Aar Massif
84,88,7.673,46.316,ECM,Aar Massif
84,89,7.687,46.307,ECM,Aar Massif
84,90,7.757,46.339,ECM,Aar Massif
84,91,7.831,46.351,ECM,Aar Massif
84,92,7.86,46.297,ECM,Aar Massif
84,93,7.897,46.296,ECM,Aar Massif
90,0,3.245,42.237,PY,Pyrenees
90,1,3.261,42.241,PY,Pyrenees
90,2,3.298,42.283,PY,Pyrenees
90,3,3.234,42.352,PY,Pyrenees
90,4,3.169,42.381,PY,Pyrenees
90,5,3.152,42.461,PY,Pyrenees
90,6,3.065,42.536,PY,Pyrenees
90,7,3.037,42.6,PY,Pyrenees
90,8,3.007,42.599,PY,Pyrenees
90,9,2.921,42.595,PY,Pyrenees
90,10,2.826,42.562,PY,Pyrenees
90,11,2.752,42.53,PY,Pyrenees
90,12,2.721,42.613,PY,Pyrenees
90,13,2.712,42.715,PY,Pyrenees
90,14,2.72,42.757,PY,Pyrenees
90,15,2.686,42.778,PY,Pyrenees
90,16,2.615,42.798,PY,Pyrenees
90,17,2.533,42.83,PY,Pyrenees
90,18,2.44,42.821,PY,Pyrenees
90,19,2.384,42.755,PY,Pyrenees
90,20,2.328,42.766,PY,Pyrenees
90,21,2.294,42.775,PY,Pyrenees
90,22,2.275,42.78,PY,Pyrenees
90,23,2.249,42.782,PY,Pyrenees
90,24,2.222,42.79,PY,Pyrenees
90,25,2.163,42.799,PY,Pyrenees
90,26,2.102,42.805,PY,Pyrenees
90,27,2.054,42.804,PY,Pyrenees
90,28,1.976,42.812,PY,Pyrenees
90,29,1.879,42.801,PY,Pyrenees
90,30,1.828,42.841,PY,Pyrenees
90,31,1.79,42.909,PY,Pyrenees
90,32,1.76,42.918,PY,Pyrenees
90,33,1.729,42.924,PY,Pyrenees
90,34,1.687,42.943,PY,Pyrenees
90,35,1.662,42.982,PY,Pyrenees
90,36,1.588,42.99,PY,Pyrenees
90,37,1.521,43.018,PY,Pyrenees
90,38,1.462,42.996,PY,Pyrenees
90,39,1.447,42.99,PY,Pyrenees
90,40,1.428,42.989,PY,Pyrenees
90,41,1.44,43.028,PY,Pyrenees
90,42,1.394,43.025,PY,Pyrenees
90,43,1.254,43.004,PY,Pyrenees
90,44,1.168,42.996,PY,Pyrenees
90,45,1.14,42.953,PY,Pyrenees
90,46,1.093,42.933,PY,Pyrenees
90,47,0.979,42.946,PY,Pyrenees
90,48,0.928,42.943,PY,Pyrenees
90,49,0.852,43.014,PY,Pyrenees
90,50,0.773,43.046,PY,Pyrenees
90,51,0.7,42.977,PY,Pyrenees
90,52,0.684,42.968,PY,Pyrenees
90,53,0.641,43.005,PY,Pyrenees
90,54,0.615,43.029,PY,Pyrenees
90,55,0.528,43.074,PY,Pyrenees
90,56,0.455,43.072,PY,Pyrenees
90,57,0.348,43.053,PY,Pyrenees
90,58,0.275,43.055,PY,Pyrenees
90,59,0.146,43.069,PY,Pyrenees
90,60,0.091,43.075,PY,Pyrenees
90,61,0.035,43.079,PY,Pyrenees
90,62,-0.096,43.073,PY,Pyrenees
90,63,-0.158,43.062,PY,Pyrenees
90,64,-0.219,43.048,PY,Pyrenees
90,65,-0.28,43.036,PY,Pyrenees
90,66,-0.395,43.029,PY,Pyrenees
90,67,-0.444,43.03,PY,Pyrenees
90,68,-0.525,43.036,PY,Pyrenees
90,69,-0.59,43.04,PY,Pyrenees
90,70,-0.667,43.025,PY,Pyrenees
90,71,-0.719,42.973,PY,Pyrenees
90,72,-0.746,42.967,PY,Pyrenees
90,73,-0.768,42.913,PY,Pyrenees
90,74,-0.722,42.834,PY,Pyrenees
90,75,-0.652,42.831,PY,Pyrenees
90,76,-0.578,42.799,PY,Pyrenees
90,77,-0.499,42.763,PY,Pyrenees
90,78,-0.422,42.741,PY,Pyrenees
90,79,-0.426,42.732,PY,Pyrenees
90,80,-0.417,42.71,PY,Pyrenees
90,81,-0.319,42.712,PY,Pyrenees
90,82,-0.244,42.716,PY,Pyrenees
90,83,-0.163,42.716,PY,Pyrenees
90,84,-0.086,42.715,PY,Pyrenees
90,85,0.07,42.698,PY,Pyrenees
90,86,0.169,42.679,PY,Pyrenees
90,87,0.212,42.665,PY,Pyrenees
90,88,0.285,42.641,PY,Pyrenees
90,89,0.347,42.617,PY,Pyrenees
90,90,0.4,42.593,PY,Pyrenees
90,91,0.466,42.523,PY,Pyrenees
90,92,0.559,42.525,PY,Pyrenees
90,93,0.576,42.498,PY,Pyrenees
90,94,0.635,42.463,PY,Pyrenees
90,95,0.738,42.462,PY,Pyrenees
90,96,0.783,42.446,PY,Pyrenees
90,97,0.826,42.433,PY,Pyrenees
90,98,0.869,42.424,PY,Pyrenees
90,99,0.964,42.411,PY,Pyrenees
90,100,1.018,42.406,PY,Pyrenees
90,101,1.023,42.352,PY,Pyrenees
90,102,1.101,42.361,PY,Pyrenees
90,103,1.147,42.357,PY,Pyrenees
90,104,1.212,42.338,PY,Pyrenees
90,105,1.279,42.322,PY,Pyrenees
90,106,1.34,42.347,PY,Pyrenees
90,107,1.356,42.358,PY,Pyrenees
90,108,1.421,42.352,PY,Pyrenees
90,109,1.538,42.312,PY,Pyrenees
90,110,1.584,42.312,PY,Pyrenees
90,111,1.667,42.319,PY,Pyrenees
90,112,1.776,42.298,PY,Pyrenees
90,113,1.829,42.293,PY,Pyrenees
90,114,1.904,42.279,PY,Pyrenees
90,115,1.922,42.262,PY,Pyrenees
90,116,2.011,42.261,PY,Pyrenees
90,117,2.076,42.255,PY,Pyrenees
90,118,2.154,42.258,PY,Pyrenees
90,119,2.219,42.264,PY,Pyrenees
90,120,2.297,42.265,PY,Pyrenees
90,121,2.347,42.278,PY,Pyrenees
90,122,2.378,42.284,PY,Pyrenees
90,123,2.478,42.321,PY,Pyrenees
90,124,2.545,42.362,PY,Pyrenees
90,125,2.627,42.35,PY,Pyrenees
90,126,2.705,42.336,PY,Pyrenees
90,127,2.787,42.336,PY,Pyrenees
90,128,2.861,42.32,PY,Pyrenees
90,129,2.945,42.301,PY,Pyrenees
90,130,3.061,42.325,PY,Pyrenees
90,131,3.114,42.277,PY,Pyrenees
90,132,3.188,42.246,PY,Pyrenees
90,133,3.215,42.243,PY,Pyrenees
90,134,3.245,42.237,PY,Pyrenees
91,0,-1.487,42.976,PY,Pyrenees
91,1,-1.472,42.989,PY,Pyrenees
91,2,-1.465,42.998,PY,Pyrenees
91,3,-1.465,43.016,PY,Pyrenees
91,4,-1.468,43.024,PY,Pyrenees
91,5,-1.464,43.044,PY,Pyrenees
91,6,-1.44,43.05,PY,Pyrenees
91,7,-1.382,43.037,PY,Pyrenees
91,8,-1.304,43.03,PY,Pyrenees
91,9,-1.21,43.047,PY,Pyrenees
91,10,-1.089,43.038,PY,Pyrenees
91,11,-1.054,43.033,PY,Pyrenees
91,12,-1.003,43.035,PY,Pyrenees
91,13,-0.996,43.062,PY,Pyrenees
91,14,-1.088,43.083,PY,Pyrenees
91,15,-1.109,43.105,PY,Pyrenees
91,16,-1.167,43.18,PY,Pyrenees
91,17,-1.267,43.226,PY,Pyrenees
91,18,-1.276,43.299,PY,Pyrenees
91,19,-1.24,43.342,PY,Pyrenees
91,20,-1.314,43.403,PY,Pyrenees
91,21,-1.404,43.387,PY,Pyrenees
91,22,-1.503,43.332,PY,Pyrenees
91,23,-1.554,43.297,PY,Pyrenees
91,24,-1.631,43.268,PY,Pyrenees
91,25,-1.712,43.302,PY,Pyrenees
91,26,-1.741,43.343,PY,Pyrenees
91,27,-1.794,43.33,PY,Pyrenees
91,28,-1.883,43.286,PY,Pyrenees
91,29,-1.982,43.238,PY,Pyrenees
91,30,-2.043,43.211,PY,Pyrenees
91,31,-2.067,43.17,PY,Pyrenees
91,32,-2.004,43.102,PY,Pyrenees
91,33,-1.987,43.095,PY,Pyrenees
91,34,-1.944,43.091,PY,Pyrenees
91,35,-1.896,43.097,PY,Pyrenees
91,36,-1.874,43.095,PY,Pyrenees
91,37,-1.86,43.092,PY,Pyrenees
91,38,-1.783,43.098,PY,Pyrenees
91,39,-1.694,43.117,PY,Pyrenees
91,40,-1.648,43.08,PY,Pyrenees
91,41,-1.654,43.015,PY,Pyrenees
91,42,-1.618,43,PY,Pyrenees
91,43,-1.528,42.992,PY,Pyrenees
91,44,-1.506,42.987,PY,Pyrenees
91,45,-1.487,42.976,PY,Pyrenees
92,0,2.06,41.353,PY,Pyrenees
92,1,2.075,41.361,PY,Pyrenees
92,2,2.118,41.396,PY,Pyrenees
92,3,2.204,41.454,PY,Pyrenees
92,4,2.274,41.491,PY,Pyrenees
92,5,2.354,41.533,PY,Pyrenees
92,6,2.398,41.555,PY,Pyrenees
92,7,2.457,41.579,PY,Pyrenees
92,8,2.538,41.595,PY,Pyrenees
92,9,2.599,41.589,PY,Pyrenees
92,10,2.704,41.628,PY,Pyrenees
92,11,2.743,41.645,PY,Pyrenees
92,12,2.786,41.665,PY,Pyrenees
92,13,2.843,41.693,PY,Pyrenees
92,14,2.934,41.714,PY,Pyrenees
92,15,3.035,41.777,PY,Pyrenees
92,16,3.099,41.836,PY,Pyrenees
92,17,3.183,41.888,PY,Pyrenees
92,18,3.223,41.957,PY,Pyrenees
92,19,3.131,41.986,PY,Pyrenees
92,20,3.066,42.004,PY,Pyrenees
92,21,2.988,42.028,PY,Pyrenees
92,22,2.912,42.009,PY,Pyrenees
92,23,2.824,42.018,PY,Pyrenees
92,24,2.752,41.986,PY,Pyrenees
92,25,2.655,41.987,PY,Pyrenees
92,26,2.581,42.004,PY,Pyrenees
92,27,2.503,41.986,PY,Pyrenees
92,28,2.414,41.956,PY,Pyrenees
92,29,2.374,41.938,PY,Pyrenees
92,30,2.351,41.925,PY,Pyrenees
92,31,2.295,41.864,PY,Pyrenees
92,32,2.268,41.828,PY,Pyrenees
92,33,2.239,41.771,PY,Pyrenees
92,34,2.224,41.701,PY,Pyrenees
92,35,2.175,41.665,PY,Pyrenees
92,36,2.116,41.622,PY,Pyrenees
92,37,2.105,41.608,PY,Pyrenees
92,38,2.109,41.486,PY,Pyrenees
92,39,2.067,41.45,PY,Pyrenees
92,40,2.022,41.441,PY,Pyrenees
92,41,2.015,41.391,PY,Pyrenees
92,42,2.033,41.375,PY,Pyrenees
92,43,2.052,41.359,PY,Pyrenees
92,44,2.06,41.353,PY,Pyrenees
95,0,9.13,41.392,CO,Corsica
95,1,9.158,41.417,CO,Corsica
95,2,9.228,41.437,CO,Corsica
95,3,9.244,41.439,CO,Corsica
95,4,9.297,41.525,CO,Corsica
95,5,9.331,41.545,CO,Corsica
95,6,9.372,41.651,CO,Corsica
95,7,9.394,41.684,CO,Corsica
95,8,9.401,41.716,CO,Corsica
95,9,9.407,41.79,CO,Corsica
95,10,9.405,41.84,CO,Corsica
95,11,9.374,41.84,CO,Corsica
95,12,9.311,41.873,CO,Corsica
95,13,9.263,41.914,CO,Corsica
95,14,9.292,42.001,CO,Corsica
95,15,9.226,42.135,CO,Corsica
95,16,9.22,42.155,CO,Corsica
95,17,9.127,42.223,CO,Corsica
95,18,9.128,42.246,CO,Corsica
95,19,9.132,42.34,CO,Corsica
95,20,9.039,42.367,CO,Corsica
95,21,9.046,42.404,CO,Corsica
95,22,9.077,42.456,CO,Corsica
95,23,9.1,42.482,CO,Corsica
95,24,9.024,42.547,CO,Corsica
95,25,8.996,42.585,CO,Corsica
95,26,8.99,42.644,CO,Corsica
95,27,8.895,42.626,CO,Corsica
95,28,8.772,42.564,CO,Corsica
95,29,8.749,42.573,CO,Corsica
95,30,8.703,42.547,CO,Corsica
95,31,8.668,42.491,CO,Corsica
95,32,8.658,42.469,CO,Corsica
95,33,8.588,42.386,CO,Corsica
95,34,8.619,42.307,CO,Corsica
95,35,8.58,42.248,CO,Corsica
95,36,8.579,42.181,CO,Corsica
95,37,8.577,42.15,CO,Corsica
95,38,8.595,42.112,CO,Corsica
95,39,8.705,42.082,CO,Corsica
95,40,8.719,42.039,CO,Corsica
95,41,8.619,41.975,CO,Corsica
95,42,8.613,41.905,CO,Corsica
95,43,8.705,41.785,CO,Corsica
95,44,8.692,41.738,CO,Corsica
95,45,8.819,41.639,CO,Corsica
95,46,8.786,41.563,CO,Corsica
95,47,8.86,41.535,CO,Corsica
95,48,8.948,41.486,CO,Corsica
95,49,9.076,41.451,CO,Corsica
95,50,9.107,41.404,CO,Corsica
95,51,9.117,41.395,CO,Corsica
95,52,9.13,41.392,CO,Corsica
96,0,8.826,38.88,SA,Sardinia
96,1,8.851,38.882,SA,Sardinia
96,2,8.941,38.936,SA,Sardinia
96,3,9.023,38.998,SA,Sardinia
96,4,9.041,39.031,SA,Sardinia
96,5,9.078,39.161,SA,Sardinia
96,6,9.167,39.183,SA,Sardinia
96,7,9.291,39.21,SA,Sardinia
96,8,9.365,39.149,SA,Sardinia
96,9,9.433,39.119,SA,Sardinia
96,10,9.52,39.095,SA,Sardinia
96,11,9.573,39.148,SA,Sardinia
96,12,9.616,39.292,SA,Sardinia
96,13,9.637,39.39,SA,Sardinia
96,14,9.655,39.451,SA,Sardinia
96,15,9.659,39.56,SA,Sardinia
96,16,9.666,39.575,SA,Sardinia
96,17,9.687,39.69,SA,Sardinia
96,18,9.692,39.768,SA,Sardinia
96,19,9.697,39.83,SA,Sardinia
96,20,9.697,39.948,SA,Sardinia
96,21,9.72,40.011,SA,Sardinia
96,22,9.594,40.08,SA,Sardinia
96,23,9.552,40.166,SA,Sardinia
96,24,9.578,40.245,SA,Sardinia
96,25,9.614,40.295,SA,Sardinia
96,26,9.651,40.314,SA,Sardinia
96,27,9.734,40.362,SA,Sardinia
96,28,9.826,40.526,SA,Sardinia
96,29,9.753,40.672,SA,Sardinia
96,30,9.707,40.835,SA,Sardinia
96,31,9.646,40.994,SA,Sardinia
96,32,9.634,41.003,SA,Sardinia
96,33,9.546,41.029,SA,Sardinia
96,34,9.569,41.092,SA,Sardinia
96,35,9.39,41.168,SA,Sardinia
96,36,9.251,41.252,SA,Sardinia
96,37,9.237,41.259,SA,Sardinia
96,38,9.148,41.225,SA,Sardinia
96,39,8.973,41.072,SA,Sardinia
96,40,8.86,40.99,SA,Sardinia
96,41,8.77,40.907,SA,Sardinia
96,42,8.664,40.898,SA,Sardinia
96,43,8.523,40.82,SA,Sardinia
96,44,8.397,40.84,SA,Sardinia
96,45,8.368,40.844,SA,Sardinia
96,46,8.346,40.582,SA,Sardinia
96,47,8.344,40.501,SA,Sardinia
96,48,8.377,40.35,SA,Sardinia
96,49,8.46,40.195,SA,Sardinia
96,50,8.405,40.042,SA,Sardinia
96,51,8.409,39.941,SA,Sardinia
96,52,8.446,39.768,SA,Sardinia
96,53,8.456,39.628,SA,Sardinia
96,54,8.426,39.511,SA,Sardinia
96,55,8.398,39.47,SA,Sardinia
96,56,8.385,39.376,SA,Sardinia
96,57,8.405,39.256,SA,Sardinia
96,58,8.384,39.229,SA,Sardinia
96,59,8.368,39.114,SA,Sardinia
96,60,8.347,39.063,SA,Sardinia
96,61,8.469,39.064,SA,Sardinia
96,62,8.56,39.017,SA,Sardinia
96,63,8.563,38.985,SA,Sardinia
96,64,8.602,38.899,SA,Sardinia
96,65,8.617,38.889,SA,Sardinia
96,66,8.793,38.892,SA,Sardinia
96,67,8.826,38.88,SA,Sardinia
98,0,-6.605,49.717,CM,Cornubian massif
98,1,-6.421,49.775,CM,Cornubian massif
98,2,-6.337,49.792,CM,Cornubian massif
98,3,-6.24,49.797,CM,Cornubian massif
98,4,-6.022,49.774,CM,Cornubian massif
98,5,-5.946,49.779,CM,Cornubian massif
98,6,-5.627,49.821,CM,Cornubian massif
98,7,-5.523,49.811,CM,Cornubian massif
98,8,-5.435,49.788,CM,Cornubian massif
98,9,-5.393,49.787,CM,Cornubian massif
98,10,-5.176,49.801,CM,Cornubian massif
98,11,-5.094,49.789,CM,Cornubian massif
98,12,-4.923,49.83,CM,Cornubian massif
98,13,-4.755,49.779,CM,Cornubian massif
98,14,-4.707,49.74,CM,Cornubian massif
98,15,-4.683,49.735,CM,Cornubian massif
98,16,-4.526,49.763,CM,Cornubian massif
98,17,-4.305,49.899,CM,Cornubian massif
98,18,-4.059,49.926,CM,Cornubian massif
98,19,-3.976,49.928,CM,Cornubian massif
98,20,-3.875,49.944,CM,Cornubian massif
98,21,-3.795,49.974,CM,Cornubian massif
98,22,-3.804,50.082,CM,Cornubian massif
98,23,-3.702,50.105,CM,Cornubian massif
98,24,-3.656,50.117,CM,Cornubian massif
98,25,-3.53,50.16,CM,Cornubian massif
98,26,-3.496,50.179,CM,Cornubian massif
98,27,-3.4,50.269,CM,Cornubian massif
98,28,-3.308,50.346,CM,Cornubian massif
98,29,-3.26,50.388,CM,Cornubian massif
98,30,-3.249,50.399,CM,Cornubian massif
98,31,-3.116,50.469,CM,Cornubian massif
98,32,-3.08,50.47,CM,Cornubian massif
98,33,-3.046,50.495,CM,Cornubian massif
98,34,-3.046,50.588,CM,Cornubian massif
98,35,-3.079,50.656,CM,Cornubian massif
98,36,-3.121,50.693,CM,Cornubian massif
98,37,-3.236,50.683,CM,Cornubian massif
98,38,-3.339,50.758,CM,Cornubian massif
98,39,-3.364,50.882,CM,Cornubian massif
98,40,-3.347,50.984,CM,Cornubian massif
98,41,-3.298,50.984,CM,Cornubian massif
98,42,-3.274,51.078,CM,Cornubian massif
98,43,-3.307,51.136,CM,Cornubian massif
98,44,-3.356,51.154,CM,Cornubian massif
98,45,-3.462,51.196,CM,Cornubian massif
98,46,-3.475,51.22,CM,Cornubian massif
98,47,-3.508,51.234,CM,Cornubian massif
98,48,-3.639,51.201,CM,Cornubian massif
98,49,-3.664,51.217,CM,Cornubian massif
98,50,-3.804,51.265,CM,Cornubian massif
98,51,-3.868,51.239,CM,Cornubian massif
98,52,-3.904,51.236,CM,Cornubian massif
98,53,-3.998,51.211,CM,Cornubian massif
98,54,-4.134,51.278,CM,Cornubian massif
98,55,-4.196,51.288,CM,Cornubian massif
98,56,-4.23,51.288,CM,Cornubian massif
98,57,-4.364,51.231,CM,Cornubian massif
98,58,-4.441,51.181,CM,Cornubian massif
98,59,-4.564,51.16,CM,Cornubian massif
98,60,-4.68,51.245,CM,Cornubian massif
98,61,-4.755,51.318,CM,Cornubian massif
98,62,-4.914,51.283,CM,Cornubian massif
98,63,-4.978,51.255,CM,Cornubian massif
98,64,-5.063,51.098,CM,Cornubian massif
98,65,-5.127,51.083,CM,Cornubian massif
98,66,-5.247,51.042,CM,Cornubian massif
98,67,-5.312,51.003,CM,Cornubian massif
98,68,-5.503,50.819,CM,Cornubian massif
98,69,-5.601,50.704,CM,Cornubian massif
98,70,-5.724,50.733,CM,Cornubian massif
98,71,-5.974,50.601,CM,Cornubian massif
98,72,-6.019,50.578,CM,Cornubian massif
98,73,-6.063,50.477,CM,Cornubian massif
98,74,-6.091,50.444,CM,Cornubian massif
98,75,-6.219,50.367,CM,Cornubian massif
98,76,-6.345,50.315,CM,Cornubian massif
98,77,-6.446,50.31,CM,Cornubian massif
98,78,-6.538,50.293,CM,Cornubian massif
98,79,-6.556,50.283,CM,Cornubian massif
98,80,-6.627,50.234,CM,Cornubian massif
98,81,-6.748,50.205,CM,Cornubian massif
98,82,-6.791,50.183,CM,Cornubian massif
98,83,-6.901,49.996,CM,Cornubian massif
98,84,-6.918,49.948,CM,Cornubian massif
98,85,-6.94,49.893,CM,Cornubian massif
98,86,-6.984,49.846,CM,Cornubian massif
98,87,-6.98,49.784,CM,Cornubian massif
98,88,-6.953,49.738,CM,Cornubian massif
98,89,-6.856,49.729,CM,Cornubian massif
98,90,-6.695,49.723,CM,Cornubian massif
98,91,-6.645,49.72,CM,Cornubian massif
98,92,-6.605,49.717,CM,Cornubian massif
